1999 Mundane Office Space	https://aesthetics.fandom.com/wiki/1999_Mundane_Office_Space	pages/1999 Mundane Office Space.html	Cubicle movies
2000s Preppy	https://aesthetics.fandom.com/wiki/2000s_Preppy	pages/2000s Preppy.html	Girly Preppy	Rich Girl	Popular Girl
2010s Internet	https://aesthetics.fandom.com/wiki/2010s_Internet	pages/2010s Internet.html	Old Internet	Internet Childhood	Golden Age of Social Media	Early Web 2.0
2014 Girly	https://aesthetics.fandom.com/wiki/2014_Girly	pages/2014 Girly.html	Tumblr It Girl	Rosyblog	girly
2014 Tumblr	https://aesthetics.fandom.com/wiki/2014_Tumblr	pages/2014 Tumblr.html
2020 TikTok	https://aesthetics.fandom.com/wiki/2020_TikTok	pages/2020 TikTok.html
2020s Gamer	https://aesthetics.fandom.com/wiki/2020s_Gamer	pages/2020s Gamer.html	RGB Gamer Room/Setup
50s Suburbia	https://aesthetics.fandom.com/wiki/50s_Suburbia	pages/50s Suburbia.html	1950s Surbubia	Nuclear Family	Tradlife	Traditional Family	50s Housewife	Vintage Housewife	Retro Housewife	Domestic Goddess	Tradwife	American Dream
8-Bit	https://aesthetics.fandom.com/wiki/8-Bit	pages/8-Bit.html	Retro Gaming	Pixel Art
90s Cool	https://aesthetics.fandom.com/wiki/90s_Cool	pages/90s Cool.html	The Matrix Effect	Bullet Time
Abstract Tech	https://aesthetics.fandom.com/wiki/Abstract_Tech	pages/Abstract Tech.html	Abstract Futuristic	Cyber	Digital	High-Tech	Sci-Fi Interface	FUI
Acid Design	https://aesthetics.fandom.com/wiki/Acid_Design	pages/Acid Design.html	Brutalism	Acidgrafix
Acid House	https://aesthetics.fandom.com/wiki/Acid_House	pages/Acid House.html	Acid	Second Summer of Love (United Kingdom)
Adventure Pulp	https://aesthetics.fandom.com/wiki/Adventure_Pulp	pages/Adventure Pulp.html
Adventurecore	https://aesthetics.fandom.com/wiki/Adventurecore	pages/Adventurecore.html
Aestheticism	https://aesthetics.fandom.com/wiki/Aestheticism	pages/Aestheticism.html	Aesthetic Movement	The Cult of Beauty
Aetherpunk	https://aesthetics.fandom.com/wiki/Aetherpunk	pages/Aetherpunk.html	Arcanepunk	Magicpunk	Magepunk
Afrofuturism	https://aesthetics.fandom.com/wiki/Afrofuturism	pages/Afrofuturism.html
Afropunk	https://aesthetics.fandom.com/wiki/Afropunk	pages/Afropunk.html
After Hours	https://aesthetics.fandom.com/wiki/After_Hours	pages/After Hours.html	Kenopsia
Alien	https://aesthetics.fandom.com/wiki/Alien	pages/Alien.html	Aliencore
Alternative	https://aesthetics.fandom.com/wiki/Alternative	pages/Alternative.html	Alternative Rock	Alt-rock	Indie rock	Alt
American Kitsch	https://aesthetics.fandom.com/wiki/American_Kitsch	pages/American Kitsch.html	1950s Commercial Illustrations
American Pioneers	https://aesthetics.fandom.com/wiki/American_Pioneers	pages/American Pioneers.html	Manifest Destiny	Oregon Trail
American Thanksgiving	https://aesthetics.fandom.com/wiki/American_Thanksgiving	pages/American Thanksgiving.html
Americana	https://aesthetics.fandom.com/wiki/Americana	pages/Americana.html	Murica	Americancore
Analog Horror	https://aesthetics.fandom.com/wiki/Analog_Horror	pages/Analog Horror.html	VHS Horror
Ancient Egypt	https://aesthetics.fandom.com/wiki/Ancient_Egypt	pages/Ancient Egypt.html
Androgynous	https://aesthetics.fandom.com/wiki/Androgynous	pages/Androgynous.html	Genderless Kei
Angelcore	https://aesthetics.fandom.com/wiki/Angelcore	pages/Angelcore.html	Dovecore	Dark Angelcore	Goth Angelcore
Anglo Gothic	https://aesthetics.fandom.com/wiki/Anglo_Gothic	pages/Anglo Gothic.html	British Grunge	Grime	Dark Anglo
Angura	https://aesthetics.fandom.com/wiki/Angura	pages/Angura.html
Animecore	https://aesthetics.fandom.com/wiki/Animecore	pages/Animecore.html
Anti-Fashion	https://aesthetics.fandom.com/wiki/Anti-Fashion	pages/Anti-Fashion.html
Appalachian Gothic	https://aesthetics.fandom.com/wiki/Appalachian_Gothic	pages/Appalachian Gothic.html
Arabian Nights	https://aesthetics.fandom.com/wiki/Arabian_Nights	pages/Arabian Nights.html	Arab Orientalism	Arabcore	19th-century Orientalism
Arcadecore	https://aesthetics.fandom.com/wiki/Arcadecore	pages/Arcadecore.html
Art Academia	https://aesthetics.fandom.com/wiki/Art_Academia	pages/Art Academia.html
Art Deco	https://aesthetics.fandom.com/wiki/Art_Deco	pages/Art Deco.html	Deco
Art Hoe	https://aesthetics.fandom.com/wiki/Art_Hoe	pages/Art Hoe.html
Art Nouveau	https://aesthetics.fandom.com/wiki/Art_Nouveau	pages/Art Nouveau.html	Modern Style (Britain)	Jugendstil (Germany)	Stile Liberty (Italy)	Modernismo (Spain)	Modernisme	(Catalonia)	Wiener Jugendstil or Secessionsstil (Austro-Hungary)	Nieuwe Kunst (the Netherlands)	Arte Nova (Portugal)	Arta 1900 (Romania)
Art Singulier	https://aesthetics.fandom.com/wiki/Art_Singulier	pages/Art Singulier.html	Art hors-les-normes	art en marge	art cru	création franche
Artcore	https://aesthetics.fandom.com/wiki/Artcore	pages/Artcore.html	Japanese Artcore	Renaissance Hardcore
Arte Povera	https://aesthetics.fandom.com/wiki/Arte_Povera	pages/Arte Povera.html	Poor Art	Impoverished Art
Arts and Crafts	https://aesthetics.fandom.com/wiki/Arts_and_Crafts	pages/Arts and Crafts.html
Asian Baby Girl	https://aesthetics.fandom.com/wiki/Asian_Baby_Girl	pages/Asian Baby Girl.html	ABG	Asian Baby Gangsters
Atompunk	https://aesthetics.fandom.com/wiki/Atompunk	pages/Atompunk.html	Raypunk
Auroracore	https://aesthetics.fandom.com/wiki/Auroracore	pages/Auroracore.html	Ethereal Fantasy
Australiana	https://aesthetics.fandom.com/wiki/Australiana	pages/Australiana.html
Autumn	https://aesthetics.fandom.com/wiki/Autumn	pages/Autumn.html	Fall
Avant Apocalypse	https://aesthetics.fandom.com/wiki/Avant_Apocalypse	pages/Avant Apocalypse.html
Avant Basic	https://aesthetics.fandom.com/wiki/Avant_Basic	pages/Avant Basic.html
Avant-garde	https://aesthetics.fandom.com/wiki/Avant-garde	pages/Avant-garde.html
B-Movie Horror	https://aesthetics.fandom.com/wiki/B-Movie_Horror	pages/B-Movie Horror.html
Babycore	https://aesthetics.fandom.com/wiki/Babycore	pages/Babycore.html	Toddlercore
Babygirl	https://aesthetics.fandom.com/wiki/Babygirl	pages/Babygirl.html	Babydoll	Little Princess	DDLG aesthetic
Baddie	https://aesthetics.fandom.com/wiki/Baddie	pages/Baddie.html	Beauty Guru	Glam Girl
Balearic Beat	https://aesthetics.fandom.com/wiki/Balearic_Beat	pages/Balearic Beat.html	Balearic	Balearic House	Ibiza House	Ibizan Chillout
Ballet Academia	https://aesthetics.fandom.com/wiki/Ballet_Academia	pages/Ballet Academia.html	Balletic
Balletcore	https://aesthetics.fandom.com/wiki/Balletcore	pages/Balletcore.html
Ballroom Culture	https://aesthetics.fandom.com/wiki/Ballroom_Culture	pages/Ballroom Culture.html	Ball Culture	Drag Ball Culture	House-Ballroom Community
Bankara	https://aesthetics.fandom.com/wiki/Bankara	pages/Bankara.html
Barber Salon	https://aesthetics.fandom.com/wiki/Barber_Salon	pages/Barber Salon.html	Barber	Barbershop
Barbiecore	https://aesthetics.fandom.com/wiki/Barbiecore	pages/Barbiecore.html
Bardcore	https://aesthetics.fandom.com/wiki/Bardcore	pages/Bardcore.html	Tavernwave
Baroque	https://aesthetics.fandom.com/wiki/Baroque	pages/Baroque.html	Barroco
Basic Girl	https://aesthetics.fandom.com/wiki/Basic_Girl	pages/Basic Girl.html
Basque Radical Rock	https://aesthetics.fandom.com/wiki/Basque_Radical_Rock	pages/Basque Radical Rock.html	Euskal Rock Erradikala	Rock Radikal Vasco	RRV
Bauhaus	https://aesthetics.fandom.com/wiki/Bauhaus	pages/Bauhaus.html	Staatliches Bauhaus
Beach Day	https://aesthetics.fandom.com/wiki/Beach_Day	pages/Beach Day.html
Beatnik	https://aesthetics.fandom.com/wiki/Beatnik	pages/Beatnik.html
Berlin Techno Fashion	https://aesthetics.fandom.com/wiki/Berlin_Techno_Fashion	pages/Berlin Techno Fashion.html	Berghain Aesthetic	Berlin Clubwear
Biker	https://aesthetics.fandom.com/wiki/Biker	pages/Biker.html	Motorbiker	Outlaw Biker
Bimbocore	https://aesthetics.fandom.com/wiki/Bimbocore	pages/Bimbocore.html	Bimbo Doll	Dirty Y2K	Bimbo Barbiecore
Biopunk	https://aesthetics.fandom.com/wiki/Biopunk	pages/Biopunk.html
Black Ivy	https://aesthetics.fandom.com/wiki/Black_Ivy	pages/Black Ivy.html	Black Elite	Bougee	Black Establishment	Black Ivy League
Black Metal	https://aesthetics.fandom.com/wiki/Black_Metal	pages/Black Metal.html	Trve Kvlt (aesthetic)
Bloghouse	https://aesthetics.fandom.com/wiki/Bloghouse	pages/Bloghouse.html	Blog House	Bloghaus	Dirty Electro House
Blokecore	https://aesthetics.fandom.com/wiki/Blokecore	pages/Blokecore.html	Ladcore
Blokette	https://aesthetics.fandom.com/wiki/Blokette	pages/Blokette.html
Bloomcore	https://aesthetics.fandom.com/wiki/Bloomcore	pages/Bloomcore.html	Floral
Bodikon	https://aesthetics.fandom.com/wiki/Bodikon	pages/Bodikon.html	Bodycon	Bodykon	Body Concious	One-Line Body Con	New Rich	Executive Woman	Bubble Queen	Otachidai Gyaru
Bohemian	https://aesthetics.fandom.com/wiki/Bohemian	pages/Bohemian.html	Boho	Boho-Chic
Bon Chic, Bon Genre	https://aesthetics.fandom.com/wiki/Bon_Chic,_Bon_Genre	pages/Bon Chic, Bon Genre.html	BCBG	Bécebège	Parisian Chic (internationally)
Bondage	https://aesthetics.fandom.com/wiki/Bondage	pages/Bondage.html	BDSM
Bosozoku	https://aesthetics.fandom.com/wiki/Bosozoku	pages/Bosozoku.html	Kaminarizoku
Boujee	https://aesthetics.fandom.com/wiki/Boujee	pages/Boujee.html	Bougie	Boujie	Material Girl	Night Luxe
Boystyle	https://aesthetics.fandom.com/wiki/Boystyle	pages/Boystyle.html
Bravú	https://aesthetics.fandom.com/wiki/Brav%C3%BA	pages/Bravú.html	Rock Bravú
Brazilian Bombshell	https://aesthetics.fandom.com/wiki/Brazilian_Bombshell	pages/Brazilian Bombshell.html
Brazilian Carnival	https://aesthetics.fandom.com/wiki/Brazilian_Carnival	pages/Brazilian Carnival.html	Carnaval Brasileiro
Bright Tertiaries	https://aesthetics.fandom.com/wiki/Bright_Tertiaries	pages/Bright Tertiaries.html
Brutalism	https://aesthetics.fandom.com/wiki/Brutalism	pages/Brutalism.html	Brutalist Architecture	New Brutalism (initially)
Bubble Bujo	https://aesthetics.fandom.com/wiki/Bubble_Bujo	pages/Bubble Bujo.html	6-ring binder	Korean Diary
Bubbleglam	https://aesthetics.fandom.com/wiki/Bubbleglam	pages/Bubbleglam.html
Bubblegum Bitch	https://aesthetics.fandom.com/wiki/Bubblegum_Bitch	pages/Bubblegum Bitch.html	Brat Aesthetic	Barbie Bitch	Bubblegum Bae	Bubblegum Baddie	McBling Baddie	Sexy Barbiecore
Bubblegum Coquette	https://aesthetics.fandom.com/wiki/Bubblegum_Coquette	pages/Bubblegum Coquette.html	Candy Coquette	Candy Girl	Cotton Candy Girl	Pinkie Pie-core	Bimbette	Coquette Bimbo
Bubblegum Dance	https://aesthetics.fandom.com/wiki/Bubblegum_Dance	pages/Bubblegum Dance.html	Bubble Dance	Happy House	Euro-Cheese
Bubblegum Witch	https://aesthetics.fandom.com/wiki/Bubblegum_Witch	pages/Bubblegum Witch.html	Pastel Witch	Pastel Witchcore	Love Witch
Buckle Bunny	https://aesthetics.fandom.com/wiki/Buckle_Bunny	pages/Buckle Bunny.html
Burlesque	https://aesthetics.fandom.com/wiki/Burlesque	pages/Burlesque.html	Cabaret
Busukawaii	https://aesthetics.fandom.com/wiki/Busukawaii	pages/Busukawaii.html	Busukawa	Ugly Cute	Kimokawaii
By Category	https://aesthetics.fandom.com/wiki/By_Category	pages/By Category.html
By Decade	https://aesthetics.fandom.com/wiki/By_Decade	pages/By Decade.html
Byzantine	https://aesthetics.fandom.com/wiki/Byzantine	pages/Byzantine.html	Byzantine Art
Cabincore	https://aesthetics.fandom.com/wiki/Cabincore	pages/Cabincore.html
Camp	https://aesthetics.fandom.com/wiki/Camp	pages/Camp.html	Campy
Campcore	https://aesthetics.fandom.com/wiki/Campcore	pages/Campcore.html
Candyland	https://aesthetics.fandom.com/wiki/Candyland	pages/Candyland.html	Level Ate	Candy Land	many other names from fiction
Caricaturism	https://aesthetics.fandom.com/wiki/Caricaturism	pages/Caricaturism.html	Realistic Cartoon	Caricature
Cartooncore	https://aesthetics.fandom.com/wiki/Cartooncore	pages/Cartooncore.html	Cartoon Edits
Casino	https://aesthetics.fandom.com/wiki/Casino	pages/Casino.html
Cassette Futurism	https://aesthetics.fandom.com/wiki/Cassette_Futurism	pages/Cassette Futurism.html	Formicapunk
Casuals	https://aesthetics.fandom.com/wiki/Casuals	pages/Casuals.html	Dressers	Perry Boys	Trendies	Scallies
Catholic Horror	https://aesthetics.fandom.com/wiki/Catholic_Horror	pages/Catholic Horror.html	Religious Horror	Exorcist Horror	Demonic Horror
Cayetana	https://aesthetics.fandom.com/wiki/Cayetana	pages/Cayetana.html	Cayestyle	Pija
Changelingcore	https://aesthetics.fandom.com/wiki/Changelingcore	pages/Changelingcore.html
Chaotic Academia	https://aesthetics.fandom.com/wiki/Chaotic_Academia	pages/Chaotic Academia.html	Chaos Academia
Chav	https://aesthetics.fandom.com/wiki/Chav	pages/Chav.html	Chavvy	Chavette	Charver	Scally	Roadman
Cherry Emoji Twitter	https://aesthetics.fandom.com/wiki/Cherry_Emoji_Twitter	pages/Cherry Emoji Twitter.html	Cherry Pits	Dark Femme Fatale	Hoe Twitter (formerly)	CET	Cherrycore	Cherry Baby	Cherry Bomb
Chic Modernist	https://aesthetics.fandom.com/wiki/Chic_Modernist	pages/Chic Modernist.html	Smart Casual
Chicano Lowrider	https://aesthetics.fandom.com/wiki/Chicano_Lowrider	pages/Chicano Lowrider.html	Lowriders
Chicha	https://aesthetics.fandom.com/wiki/Chicha	pages/Chicha.html	Andean Tropical Cumbia
Chinese New Year	https://aesthetics.fandom.com/wiki/Chinese_New_Year	pages/Chinese New Year.html
Choco Girl	https://aesthetics.fandom.com/wiki/Choco_Girl	pages/Choco Girl.html	Chocolatecore	Neapolitan Girl
Cholo	https://aesthetics.fandom.com/wiki/Cholo	pages/Cholo.html
Chonga	https://aesthetics.fandom.com/wiki/Chonga	pages/Chonga.html
Christian Girl Autumn	https://aesthetics.fandom.com/wiki/Christian_Girl_Autumn	pages/Christian Girl Autumn.html
Christmas	https://aesthetics.fandom.com/wiki/Christmas	pages/Christmas.html	Xmas
Chromecore	https://aesthetics.fandom.com/wiki/Chromecore	pages/Chromecore.html	Y2K Chromecore
Chunyu	https://aesthetics.fandom.com/wiki/Chunyu	pages/Chunyu.html
Cinnamon Girl	https://aesthetics.fandom.com/wiki/Cinnamon_Girl	pages/Cinnamon Girl.html
City Pop	https://aesthetics.fandom.com/wiki/City_Pop	pages/City Pop.html
Classic Lolita	https://aesthetics.fandom.com/wiki/Classic_Lolita	pages/Classic Lolita.html
Classicism	https://aesthetics.fandom.com/wiki/Classicism	pages/Classicism.html	Greco-Roman
Clean Girl	https://aesthetics.fandom.com/wiki/Clean_Girl	pages/Clean Girl.html
Cleancore	https://aesthetics.fandom.com/wiki/Cleancore	pages/Cleancore.html	Safetycore	Hygienicore	Safety Goth	Antibacterial
Clowncore	https://aesthetics.fandom.com/wiki/Clowncore	pages/Clowncore.html	Circuscore	Clownpunk
Club	https://aesthetics.fandom.com/wiki/Club	pages/Club.html	Clubbing Culture	Nightclub
Club Kids	https://aesthetics.fandom.com/wiki/Club_Kids	pages/Club Kids.html
Cluttercore	https://aesthetics.fandom.com/wiki/Cluttercore	pages/Cluttercore.html
Coastal Cowgirl	https://aesthetics.fandom.com/wiki/Coastal_Cowgirl	pages/Coastal Cowgirl.html
Coastal Grandmother	https://aesthetics.fandom.com/wiki/Coastal_Grandmother	pages/Coastal Grandmother.html
Coastal Style	https://aesthetics.fandom.com/wiki/Coastal_Style	pages/Coastal Style.html	Marine Style	Beach House	Style Bord de Mer (French)
Coconut Girl	https://aesthetics.fandom.com/wiki/Coconut_Girl	pages/Coconut Girl.html	Malibu Barbie	Key West Kitten	Beach Coquette	Beach Bunny	Coney Island Queen
Coffee House	https://aesthetics.fandom.com/wiki/Coffee_House	pages/Coffee House.html
Cozy	https://aesthetics.fandom.com/wiki/Comfy/Cozy	pages/Cozy.html	Sloth	Comfycore
Communist Chic	https://aesthetics.fandom.com/wiki/Communist_Chic	pages/Communist Chic.html	Commie Chic	Che Chic	Chekist Chic
Constructivism	https://aesthetics.fandom.com/wiki/Constructivism	pages/Constructivism.html
Cool Britannia	https://aesthetics.fandom.com/wiki/Cool_Britannia	pages/Cool Britannia.html	British Pop	Britpop
Coquette	https://aesthetics.fandom.com/wiki/Coquette	pages/Coquette.html
Corporate	https://aesthetics.fandom.com/wiki/Corporate	pages/Corporate.html	Business Attire	Corpcore (attempt as astroturfing)
Corporate Grunge	https://aesthetics.fandom.com/wiki/Corporate_Grunge	pages/Corporate Grunge.html	Grunge™	Neugrunge
Corporate Hippie	https://aesthetics.fandom.com/wiki/Corporate_Hippie	pages/Corporate Hippie.html	Capitalist Hippie	Corporate Psychedelia
Corporate Memphis	https://aesthetics.fandom.com/wiki/Corporate_Memphis	pages/Corporate Memphis.html	Blob Web	Big Tech Art Style	Corporate Art Style	Alegria	Corporate Minimalist	Flat Art	Neoliberal Vector Minimalism	Globohomo	Humans of Flat
Costumbrismo	https://aesthetics.fandom.com/wiki/Costumbrismo	pages/Costumbrismo.html	Costumisme (Catalan)	Costumismo (Galician)	Kostunbrismo (Basque)
Cottagecore	https://aesthetics.fandom.com/wiki/Cottagecore	pages/Cottagecore.html
Cottagegore	https://aesthetics.fandom.com/wiki/Cottagegore	pages/Cottagegore.html	Dark Cottagecore	Goth Cottagecore	Witchy Cottagecore
Country	https://aesthetics.fandom.com/wiki/Country	pages/Country.html	Farmcore	Countrycore	Southern Boy	Southern Girl
Cozy Childhood Hideaway	https://aesthetics.fandom.com/wiki/Cozy_Childhood_Hideaway	pages/Cozy Childhood Hideaway.html
Crowcore	https://aesthetics.fandom.com/wiki/Crowcore	pages/Crowcore.html	Corvidcore
Crustpunk	https://aesthetics.fandom.com/wiki/Crustpunk	pages/Crustpunk.html	Crust	Stretchcore	Gutterpunk
Cryptidcore	https://aesthetics.fandom.com/wiki/Cryptidcore	pages/Cryptidcore.html
Cubism	https://aesthetics.fandom.com/wiki/Cubism	pages/Cubism.html
Cuddle Party	https://aesthetics.fandom.com/wiki/Cuddle_Party	pages/Cuddle Party.html
Cult Party Kei	https://aesthetics.fandom.com/wiki/Cult_Party_Kei	pages/Cult Party Kei.html
Cutecore	https://aesthetics.fandom.com/wiki/Cutecore	pages/Cutecore.html	Cutegore
Cyber Doll	https://aesthetics.fandom.com/wiki/Cyber_Doll	pages/Cyber Doll.html
Cyber Ghetto	https://aesthetics.fandom.com/wiki/Cyber_Ghetto	pages/Cyber Ghetto.html
Cyber Grunge	https://aesthetics.fandom.com/wiki/Cyber_Grunge	pages/Cyber Grunge.html	Y2K Grunge	Military Y2K	Acubi	Y3K	Bleak Crush
Cyber Stylin'	https://aesthetics.fandom.com/wiki/Cyber_Stylin%27	pages/Cyber Stylin'.html	Dress Up Doll	Dress Up Girl	Dollz	Chicaloca	Fashionista	Y2K Doll
Cyberdelic	https://aesthetics.fandom.com/wiki/Cyberdelic	pages/Cyberdelic.html	Cyberdelia
Cybergoth	https://aesthetics.fandom.com/wiki/Cybergoth	pages/Cybergoth.html
Cyberminimalism	https://aesthetics.fandom.com/wiki/Cyberminimalism	pages/Cyberminimalism.html	Cyberbougie
Cyberpop	https://aesthetics.fandom.com/wiki/Cyberpop	pages/Cyberpop.html	Cyber
Cyberprep	https://aesthetics.fandom.com/wiki/Cyberprep	pages/Cyberprep.html	Post-Cyberpunk
Cyberpunk	https://aesthetics.fandom.com/wiki/Cyberpunk	pages/Cyberpunk.html
Cybersigilism	https://aesthetics.fandom.com/wiki/Cybersigilism	pages/Cybersigilism.html	Neo-Tribal	Gen Z Tribal
Cybervillain	https://aesthetics.fandom.com/wiki/Cybervillain	pages/Cybervillain.html
Dandy	https://aesthetics.fandom.com/wiki/Dandy	pages/Dandy.html	Dandyism
Danish Golden Age	https://aesthetics.fandom.com/wiki/Danish_Golden_Age	pages/Danish Golden Age.html	Den Danske Guldalder
Danish Pastel	https://aesthetics.fandom.com/wiki/Danish_Pastel	pages/Danish Pastel.html
Dark Academia	https://aesthetics.fandom.com/wiki/Dark_Academia	pages/Dark Academia.html
Dark Aero	https://aesthetics.fandom.com/wiki/Dark_Aero	pages/Dark Aero.html	Mata Nero	Frutiger Ego
Dark Fantasy	https://aesthetics.fandom.com/wiki/Dark_Fantasy	pages/Dark Fantasy.html	Grimdark
Dark Naturalism	https://aesthetics.fandom.com/wiki/Dark_Naturalism	pages/Dark Naturalism.html
Dark Nautical	https://aesthetics.fandom.com/wiki/Dark_Nautical	pages/Dark Nautical.html	Lighthousecore	Sailorcore
Dark Nymphet	https://aesthetics.fandom.com/wiki/Dark_Nymphet	pages/Dark Nymphet.html	Dark American Lolita	Dark Coquette	Vamp Coquette
Dau al Set	https://aesthetics.fandom.com/wiki/Dau_al_Set	pages/Dau al Set.html
De Stijl	https://aesthetics.fandom.com/wiki/De_Stijl	pages/De Stijl.html	Neoplasticism
Dead Inside	https://aesthetics.fandom.com/wiki/Dead_Inside	pages/Dead Inside.html	zxc ghoul
Deathrock	https://aesthetics.fandom.com/wiki/Deathrock	pages/Deathrock.html	Deathpunk
Decadence	https://aesthetics.fandom.com/wiki/Decadence	pages/Decadence.html	Decadent Movement
Decopunk	https://aesthetics.fandom.com/wiki/Decopunk	pages/Decopunk.html	Ottensian Dieselpunk
Decora	https://aesthetics.fandom.com/wiki/Decora	pages/Decora.html	Decora Kei
Delicate Sweet	https://aesthetics.fandom.com/wiki/Delicate_Sweet	pages/Delicate Sweet.html	Pinkcore	Softette
Desert	https://aesthetics.fandom.com/wiki/Desert	pages/Desert.html	Desertcore	Cactuscore
Desi Romantic Academia	https://aesthetics.fandom.com/wiki/Desi_Romantic_Academia	pages/Desi Romantic Academia.html
Devilcore	https://aesthetics.fandom.com/wiki/Devilcore	pages/Devilcore.html	Demoncore
Dieselpunk	https://aesthetics.fandom.com/wiki/Dieselpunk	pages/Dieselpunk.html
Digital Horror	https://aesthetics.fandom.com/wiki/Digital_Horror	pages/Digital Horror.html	Internet Horror	Flash Horror	Cyber Horror	YouTube Horror	Bandicam Horror	Vimeo Horror
Diner	https://aesthetics.fandom.com/wiki/Diner	pages/Diner.html
Dionysism	https://aesthetics.fandom.com/wiki/Dionysism	pages/Dionysism.html
Disco	https://aesthetics.fandom.com/wiki/Disco	pages/Disco.html
Divine Machinery	https://aesthetics.fandom.com/wiki/Divine_Machinery	pages/Divine Machinery.html
Dokukawaii	https://aesthetics.fandom.com/wiki/Dokukawaii	pages/Dokukawaii.html	Dokukawa	Neon Gore
Dollar Store Vernacular	https://aesthetics.fandom.com/wiki/Dollar_Store_Vernacular	pages/Dollar Store Vernacular.html
Dollcore	https://aesthetics.fandom.com/wiki/Dollcore	pages/Dollcore.html
Dollette	https://aesthetics.fandom.com/wiki/Dollette	pages/Dollette.html
Dolly Girl	https://aesthetics.fandom.com/wiki/Dolly_Girl	pages/Dolly Girl.html	Dollie	Dolly Style	60s Dolly
Dolly Kei	https://aesthetics.fandom.com/wiki/Dolly_Kei	pages/Dolly Kei.html	Antique Kei
Doomer	https://aesthetics.fandom.com/wiki/Doomer	pages/Doomer.html	Doomerwave
Dopamine Dressing	https://aesthetics.fandom.com/wiki/Dopamine_Dressing	pages/Dopamine Dressing.html
DORFic	https://aesthetics.fandom.com/wiki/DORFic	pages/DORFic.html
Downtown Girl	https://aesthetics.fandom.com/wiki/Downtown_Girl	pages/Downtown Girl.html	NYC Girl
Dragoncore	https://aesthetics.fandom.com/wiki/Dragoncore	pages/Dragoncore.html	Winged lizards	winged serpents	etc.	Winged lizards/serpents	etc.	Winged beast/serpent/lizard	etc.	Sea serpents	etc.	Winged serpent	beast	etc.
Drain	https://aesthetics.fandom.com/wiki/Drain	pages/Drain.html	Draincore	Drainer	Drainhook
Dreamcore	https://aesthetics.fandom.com/wiki/Dreamcore	pages/Dreamcore.html	Liminal-Dreams	Fevercore
Dreamy	https://aesthetics.fandom.com/wiki/Dreamy	pages/Dreamy.html	Dreamwave
Dungeon Synth	https://aesthetics.fandom.com/wiki/Dungeon_Synth	pages/Dungeon Synth.html	Dark Dungeon Music	Medieval Ambient
Dungeonpunk	https://aesthetics.fandom.com/wiki/Dungeonpunk	pages/Dungeonpunk.html	Grimdark Fantasy
Dutch Golden Age	https://aesthetics.fandom.com/wiki/Dutch_Golden_Age	pages/Dutch Golden Age.html
E-Boy	https://aesthetics.fandom.com/wiki/E-Boy	pages/E-Boy.html
E-Girl	https://aesthetics.fandom.com/wiki/E-Girl	pages/E-Girl.html	Electronic Girl
Earth Tones	https://aesthetics.fandom.com/wiki/Earth_Tones	pages/Earth Tones.html
Earthy Black Girl	https://aesthetics.fandom.com/wiki/Earthy_Black_Girl	pages/Earthy Black Girl.html	Black Girl Boho
Eclectic Grandpa	https://aesthetics.fandom.com/wiki/Eclectic_Grandpa	pages/Eclectic Grandpa.html	Grandpacore
Electro Swing	https://aesthetics.fandom.com/wiki/Electro_Swing	pages/Electro Swing.html	Electro House Swing
Electroclash	https://aesthetics.fandom.com/wiki/Electroclash	pages/Electroclash.html	Synthcore	Retro-Electro	Tech Pop	Nouveau Disco	Neo-Electro
Electronic Body Music	https://aesthetics.fandom.com/wiki/Electronic_Body_Music	pages/Electronic Body Music.html	EBM	Body Music
Electropop 08	https://aesthetics.fandom.com/wiki/Electropop_08	pages/Electropop 08.html	Electropop	Recession Pop	Avant Garde Prefuse	Prefuse Pop	Frutiger Prefuse
Emo	https://aesthetics.fandom.com/wiki/Emo	pages/Emo.html	Emotional Hardcore	Emo Kids	Emocore	Spock Rock (formerly)
Emo Rap	https://aesthetics.fandom.com/wiki/Emo_Rap	pages/Emo Rap.html	Emotional Rap	Emo Hip-Hop	Sad Rap	Depressed Rap	Bop-Punk
Equestrian	https://aesthetics.fandom.com/wiki/Equestrian	pages/Equestrian.html
Erokawa	https://aesthetics.fandom.com/wiki/Erokawa	pages/Erokawa.html
Ethereal	https://aesthetics.fandom.com/wiki/Ethereal	pages/Ethereal.html
Ethno-Chic	https://aesthetics.fandom.com/wiki/Ethno-Chic	pages/Ethno-Chic.html
Expressionism	https://aesthetics.fandom.com/wiki/Expressionism	pages/Expressionism.html
Factory Pomo	https://aesthetics.fandom.com/wiki/Factory_Pomo	pages/Factory Pomo.html
Fairy Academia	https://aesthetics.fandom.com/wiki/Fairy_Academia	pages/Fairy Academia.html
Fairy Grunge	https://aesthetics.fandom.com/wiki/Fairy_Grunge	pages/Fairy Grunge.html	Grunge Fairycore
Fairy Kei	https://aesthetics.fandom.com/wiki/Fairy_Kei	pages/Fairy Kei.html	Fancy
Fairycore	https://aesthetics.fandom.com/wiki/Fairycore	pages/Fairycore.html	Fairywave	Nymphcore	Elfcore (masculine)
Fairytale	https://aesthetics.fandom.com/wiki/Fairytale	pages/Fairytale.html
Fanfare	https://aesthetics.fandom.com/wiki/Fanfare	pages/Fanfare.html	Carnival	Circus	Fair
Fantasy	https://aesthetics.fandom.com/wiki/Fantasy	pages/Fantasy.html
Fantasy Astronomy	https://aesthetics.fandom.com/wiki/Fantasy_Astronomy	pages/Fantasy Astronomy.html
FantasY2K	https://aesthetics.fandom.com/wiki/FantasY2K	pages/FantasY2K.html
Farmer's Daughter	https://aesthetics.fandom.com/wiki/Farmer%27s_Daughter	pages/Farmer's Daughter.html	Country Coquette	Farm Girl	Farmer Girl
Fashioncore	https://aesthetics.fandom.com/wiki/Fashioncore	pages/Fashioncore.html	Fashionxcore	FXC
Fauvism	https://aesthetics.fandom.com/wiki/Fauvism	pages/Fauvism.html
Female Horror Game Protagonist Fashion	https://aesthetics.fandom.com/wiki/Female_Horror_Game_Protagonist_Fashion	pages/Female Horror Game Protagonist Fashion.html	Horror Coquette	Japanese Horror Game Protagonist
Femboy	https://aesthetics.fandom.com/wiki/Femboy	pages/Femboy.html	Feminine Boy	Otokonoko	Tomgirl	Calicogirl	Girlyboy	Sissy	Femguy	Femman	Femmale	Femdude
Femcel Weeaboo	https://aesthetics.fandom.com/wiki/Femcel_Weeaboo	pages/Femcel Weeaboo.html	Lainpilled
Femme Fatale	https://aesthetics.fandom.com/wiki/Femme_Fatale	pages/Femme Fatale.html	Seductress	Vixen	Temptress	Vamp	Siren	Enchantress	Charmer	Dark Feminine
Figuration Narrative	https://aesthetics.fandom.com/wiki/Figuration_Narrative	pages/Figuration Narrative.html	Narrative Figuration
Film Noir	https://aesthetics.fandom.com/wiki/Film_Noir	pages/Film Noir.html	Melodrama (obsolete)
Fisherman	https://aesthetics.fandom.com/wiki/Fisherman	pages/Fisherman.html	Fishermancore	Coastal Fisherman
Flamenco	https://aesthetics.fandom.com/wiki/Flamenco	pages/Flamenco.html
Flapper	https://aesthetics.fandom.com/wiki/Flapper	pages/Flapper.html
Flat Design	https://aesthetics.fandom.com/wiki/Flat_Design	pages/Flat Design.html	Vector Minimalism
Fleischer Style	https://aesthetics.fandom.com/wiki/Fleischer_Style	pages/Fleischer Style.html	Rubberhose	Inkblot Cartoon Style	Old Cartoon	Early American Cartoon Aesthetic	Golden Age of Animation
Flogger	https://aesthetics.fandom.com/wiki/Flogger	pages/Flogger.html
Fluent Design	https://aesthetics.fandom.com/wiki/Fluent_Design	pages/Fluent Design.html
Folk Punk	https://aesthetics.fandom.com/wiki/Folk_Punk	pages/Folk Punk.html
Foodie	https://aesthetics.fandom.com/wiki/Foodie	pages/Foodie.html
Forestpunk	https://aesthetics.fandom.com/wiki/Forestpunk	pages/Forestpunk.html
Four Colors	https://aesthetics.fandom.com/wiki/Four_Colors	pages/Four Colors.html
Frasurbane	https://aesthetics.fandom.com/wiki/Frasurbane	pages/Frasurbane.html	90&#39;s Urbane
Frazzled English Woman	https://aesthetics.fandom.com/wiki/Frazzled_English_Woman	pages/Frazzled English Woman.html	Dishevelled English Woman
French Girly	https://aesthetics.fandom.com/wiki/French_Girly	pages/French Girly.html
French It Girl	https://aesthetics.fandom.com/wiki/French_It_Girl	pages/French It Girl.html	French Girl
French New Wave	https://aesthetics.fandom.com/wiki/French_New_Wave	pages/French New Wave.html	Nouvelle Vague
French Provincial Style	https://aesthetics.fandom.com/wiki/French_Provincial_Style	pages/French Provincial Style.html	French Country	French Eclectic
Frutiger Aero	https://aesthetics.fandom.com/wiki/Frutiger_Aero	pages/Frutiger Aero.html	Web 2.0 Gloss
Frutiger Eco	https://aesthetics.fandom.com/wiki/Frutiger_Eco	pages/Frutiger Eco.html
Frutiger Metro	https://aesthetics.fandom.com/wiki/Frutiger_Metro	pages/Frutiger Metro.html	Vector Metro	Vector Vomit	Flat Frutiger Aero	2000s Maximalist CGI	Metro Grunge
Funk	https://aesthetics.fandom.com/wiki/Funk	pages/Funk.html	Funky	Groovy
Furry	https://aesthetics.fandom.com/wiki/Furry	pages/Furry.html
Future Funk	https://aesthetics.fandom.com/wiki/Future_Funk	pages/Future Funk.html	Vaporboogie
Futurism	https://aesthetics.fandom.com/wiki/Futurism	pages/Futurism.html	Italian Futurism
Gabber	https://aesthetics.fandom.com/wiki/Gabber	pages/Gabber.html	Gabba	Gabbercultuur
Galaxy Hipster	https://aesthetics.fandom.com/wiki/Galaxy_Hipster	pages/Galaxy Hipster.html	Daydreampunk (formerly)
Gamercore	https://aesthetics.fandom.com/wiki/Gamercore	pages/Gamercore.html	Gamecore	Video Gamecore
Gangsta Rap	https://aesthetics.fandom.com/wiki/Gangsta_Rap	pages/Gangsta Rap.html	G-Funk	90&#39;s Hip-Hop
Gardencore	https://aesthetics.fandom.com/wiki/Gardencore	pages/Gardencore.html
Geek	https://aesthetics.fandom.com/wiki/Geek	pages/Geek.html	Fandom Enthusiast	Fan Culture
Gen X Soft Club	https://aesthetics.fandom.com/wiki/Gen_X_Soft_Club	pages/Gen X Soft Club.html	GXSC
Gen Z Maximalism	https://aesthetics.fandom.com/wiki/Gen_Z_Maximalism	pages/Gen Z Maximalism.html	N/A
Ghostcore	https://aesthetics.fandom.com/wiki/Ghostcore	pages/Ghostcore.html	Ghostkin
Girl Crush	https://aesthetics.fandom.com/wiki/Girl_Crush	pages/Girl Crush.html
Girls' Sleepover	https://aesthetics.fandom.com/wiki/Girls%27_Sleepover	pages/Girls' Sleepover.html	Slumber Party	Pajama Party
Girly Kei	https://aesthetics.fandom.com/wiki/Girly_Kei	pages/Girly Kei.html	Gaari Kei
Giscardpunk	https://aesthetics.fandom.com/wiki/Giscardpunk	pages/Giscardpunk.html
Glam Rock	https://aesthetics.fandom.com/wiki/Glam_Rock	pages/Glam Rock.html
Glitch Art	https://aesthetics.fandom.com/wiki/Glitch_Art	pages/Glitch Art.html	Glitch	Datamoshing
Glitchbreak	https://aesthetics.fandom.com/wiki/Glitchbreak	pages/Glitchbreak.html	Sewercore	Laincore	Dreambreak	&#34;Breakcore&#34; Revival	Chill &#34;Breakcore	&#34; Depressive &#34;Breakcore&#34;
Glitchcore	https://aesthetics.fandom.com/wiki/Glitchcore	pages/Glitchcore.html	Eyestraincore
Glitter Graphics	https://aesthetics.fandom.com/wiki/Glitter_Graphics	pages/Glitter Graphics.html	Sparkle Graphics	Animated Glitter Images
Global Village Coffeehouse	https://aesthetics.fandom.com/wiki/Global_Village_Coffeehouse	pages/Global Village Coffeehouse.html	GVC
Gloomcore	https://aesthetics.fandom.com/wiki/Gloomcore	pages/Gloomcore.html
Goblincore	https://aesthetics.fandom.com/wiki/Goblincore	pages/Goblincore.html	Gremlincore	Greedcore	Gobblecore	Dark Fairycore
Golden Age of Detective Fiction	https://aesthetics.fandom.com/wiki/Golden_Age_of_Detective_Fiction	pages/Golden Age of Detective Fiction.html	Country House Mystery
Gorecore	https://aesthetics.fandom.com/wiki/Gorecore	pages/Gorecore.html	Gore	Flesh	Fleshcore	Slaughtercore	Murdercore
Gorpcore	https://aesthetics.fandom.com/wiki/Gorpcore	pages/Gorpcore.html
Goth	https://aesthetics.fandom.com/wiki/Goth	pages/Goth.html	Batcavers
Goth Punk	https://aesthetics.fandom.com/wiki/Goth_Punk	pages/Goth Punk.html	j-punk
Gothabilly	https://aesthetics.fandom.com/wiki/Gothabilly	pages/Gothabilly.html	Hellbilly	horrorbilly	glamour ghoul	dark pinup	pinup goth
Gothic	https://aesthetics.fandom.com/wiki/Gothic	pages/Gothic.html
Gothic Architecture	https://aesthetics.fandom.com/wiki/Gothic_Architecture	pages/Gothic Architecture.html	Opus Francigenum (original term)
Gothic Lolita	https://aesthetics.fandom.com/wiki/Gothic_Lolita	pages/Gothic Lolita.html	Elegant Gothic Lolita (EGL)
Grandmillenial	https://aesthetics.fandom.com/wiki/Grandmillenial	pages/Grandmillenial.html	Preppy Eclecticism	Granny Chic	Grandma Chic
Grandparentcore	https://aesthetics.fandom.com/wiki/Grandparentcore	pages/Grandparentcore.html
Granola	https://aesthetics.fandom.com/wiki/Granola	pages/Granola.html	Granola Girl	Granola Guy	Granolacore	Crunchy
Greaser	https://aesthetics.fandom.com/wiki/Greaser	pages/Greaser.html
Green Academia	https://aesthetics.fandom.com/wiki/Green_Academia	pages/Green Academia.html	Botanic Academia	Botanical Academia	Earthy Academia	Nature Academia	Natural Academia
Grindhouse	https://aesthetics.fandom.com/wiki/Grindhouse	pages/Grindhouse.html	Pulp	Splatter
Grocery Girl Fall	https://aesthetics.fandom.com/wiki/Grocery_Girl_Fall	pages/Grocery Girl Fall.html	Grocery Girl	Grocerycore
Grunge	https://aesthetics.fandom.com/wiki/Grunge	pages/Grunge.html	Seattle Sound
Guochao	https://aesthetics.fandom.com/wiki/Guochao	pages/Guochao.html	Chinese fashion trend	National trend
Gurokawa	https://aesthetics.fandom.com/wiki/Gurokawa	pages/Gurokawa.html	Creepy Cute	Kimokawaii
Gyaru	https://aesthetics.fandom.com/wiki/Gyaru	pages/Gyaru.html	Gal	ギャルオ
Hacker	https://aesthetics.fandom.com/wiki/Hacker	pages/Hacker.html	Hackercore	Cracker (	as in code cracking	)
Hair Metal	https://aesthetics.fandom.com/wiki/Hair_Metal	pages/Hair Metal.html	Glam Metal	Pop Metal	Sleaze Rock
Halloween	https://aesthetics.fandom.com/wiki/Halloween	pages/Halloween.html	Night Of Witches	31/10	Trick-Or-Treat	Spookycore	All-Hallows Eve
Hallyu	https://aesthetics.fandom.com/wiki/Hallyu	pages/Hallyu.html	Korean Wave	K-Pop Stan
Happy Rock	https://aesthetics.fandom.com/wiki/Happy_Rock	pages/Happy Rock.html	Coloridos
Harajuku Fashion	https://aesthetics.fandom.com/wiki/Harajuku_Fashion	pages/Harajuku Fashion.html	Harajuku Style	Japanese Street Fashion	Shibuya Fashion (Mistakenly)
Hauntology	https://aesthetics.fandom.com/wiki/Hauntology	pages/Hauntology.html
Haussmann Paris	https://aesthetics.fandom.com/wiki/Haussmann_Paris	pages/Haussmann Paris.html
Health Goth	https://aesthetics.fandom.com/wiki/Health_Goth	pages/Health Goth.html
Heisei Retro	https://aesthetics.fandom.com/wiki/Heisei_Retro	pages/Heisei Retro.html	Juminocore (TikTok)
Heistcore	https://aesthetics.fandom.com/wiki/Heistcore	pages/Heistcore.html
Hellenic	https://aesthetics.fandom.com/wiki/Hellenic	pages/Hellenic.html	Ancient Greek
Heroic Realism	https://aesthetics.fandom.com/wiki/Heroic_Realism	pages/Heroic Realism.html	Propaganda Graphic Design
Heroin Chic	https://aesthetics.fandom.com/wiki/Heroin_Chic	pages/Heroin Chic.html
Hexatron	https://aesthetics.fandom.com/wiki/Hexatron	pages/Hexatron.html
HexD	https://aesthetics.fandom.com/wiki/HexD	pages/HexD.html	Surge	Hexxed	Hex
High School Dream	https://aesthetics.fandom.com/wiki/High_School_Dream	pages/High School Dream.html
Hime Lolita	https://aesthetics.fandom.com/wiki/Hime_Lolita	pages/Hime Lolita.html
Himekaji	https://aesthetics.fandom.com/wiki/Himekaji	pages/Himekaji.html	Casual princess
Hip-Hop	https://aesthetics.fandom.com/wiki/Hip-Hop	pages/Hip-Hop.html	Rap	B-Boy	B-Girl
Hipness Purgatory	https://aesthetics.fandom.com/wiki/Hipness_Purgatory	pages/Hipness Purgatory.html	Twee Hipsterdom
Hippie	https://aesthetics.fandom.com/wiki/Hippie	pages/Hippie.html	Hippy	Flower Power
Hipster	https://aesthetics.fandom.com/wiki/Hipster	pages/Hipster.html
Historical Americana	https://aesthetics.fandom.com/wiki/Historical_Americana	pages/Historical Americana.html	American Folk
Hollywood Regency	https://aesthetics.fandom.com/wiki/Hollywood_Regency	pages/Hollywood Regency.html	Regency Moderne
Holosexual	https://aesthetics.fandom.com/wiki/Holosexual	pages/Holosexual.html	Holocore
Honeycore	https://aesthetics.fandom.com/wiki/Honeycore	pages/Honeycore.html	Beecore
Horror	https://aesthetics.fandom.com/wiki/Horror	pages/Horror.html
Horror Punk	https://aesthetics.fandom.com/wiki/Horror_Punk	pages/Horror Punk.html	Fiendcore (referencing The Misfits&#39; Fiend Skull)
Hygge	https://aesthetics.fandom.com/wiki/Hygge	pages/Hygge.html
Hypebeast	https://aesthetics.fandom.com/wiki/Hypebeast	pages/Hypebeast.html	Hype Beast	Drip Fashion
Hyperborean	https://aesthetics.fandom.com/wiki/Hyperborean	pages/Hyperborean.html	Schizoposting	Schizowave	Save Europe	Esoteric Fashwave
Hyperpop	https://aesthetics.fandom.com/wiki/Hyperpop	pages/Hyperpop.html	PC Music
Icepunk	https://aesthetics.fandom.com/wiki/Icepunk	pages/Icepunk.html	Coldrave
Imperial Romanov	https://aesthetics.fandom.com/wiki/Imperial_Romanov	pages/Imperial Romanov.html	Romanov
Impressionism	https://aesthetics.fandom.com/wiki/Impressionism	pages/Impressionism.html
Index of Music-Based Aesthetics	https://aesthetics.fandom.com/wiki/Index_of_Music-Based_Aesthetics	pages/Index of Music-Based Aesthetics.html
Index of Nation-Based Aesthetics	https://aesthetics.fandom.com/wiki/Index_of_Nation-Based_Aesthetics	pages/Index of Nation-Based Aesthetics.html
Index of Nature-Based Aesthetics	https://aesthetics.fandom.com/wiki/Index_of_Nature-Based_Aesthetics	pages/Index of Nature-Based Aesthetics.html
Indie	https://aesthetics.fandom.com/wiki/Indie	pages/Indie.html	Vintage Indie	Indie Grunge
Indie Kid	https://aesthetics.fandom.com/wiki/Indie_Kid	pages/Indie Kid.html
Indie Sleaze	https://aesthetics.fandom.com/wiki/Indie_Sleaze	pages/Indie Sleaze.html	Hipster	(in its original timespan)
Indiecraft	https://aesthetics.fandom.com/wiki/Indiecraft	pages/Indiecraft.html
Indigenous Futurisms	https://aesthetics.fandom.com/wiki/Indigenous_Futurisms	pages/Indigenous Futurisms.html
Industrial	https://aesthetics.fandom.com/wiki/Industrial	pages/Industrial.html	Industrial Music Scene
Industrial Decay	https://aesthetics.fandom.com/wiki/Industrial_Decay	pages/Industrial Decay.html	Urban Decay
Industrial Design	https://aesthetics.fandom.com/wiki/Industrial_Design	pages/Industrial Design.html	Industrial Style	Industrial Chic
International Typographic Style	https://aesthetics.fandom.com/wiki/International_Typographic_Style	pages/International Typographic Style.html	ITS	Swiss Style	Schweizer Typografie (German)
Internet Awesomesauce	https://aesthetics.fandom.com/wiki/Internet_Awesomesauce	pages/Internet Awesomesauce.html
Ita	https://aesthetics.fandom.com/wiki/Ita	pages/Ita.html	Itasha (Cars)	Itansha (Motorbikes)	Itachari	(Bicycles)	Itabasu (Bus)	Itatorakku (Trucks)	Itadensha (Trains)	Itabags (Bags)
Italian Mafia	https://aesthetics.fandom.com/wiki/Italian_Mafia	pages/Italian Mafia.html	Mafiacore
Italian Renaissance	https://aesthetics.fandom.com/wiki/Italian_Renaissance	pages/Italian Renaissance.html	Renascimento
Italo Disco	https://aesthetics.fandom.com/wiki/Italo_Disco	pages/Italo Disco.html
Japandi	https://aesthetics.fandom.com/wiki/Japandi	pages/Japandi.html
Japonisme	https://aesthetics.fandom.com/wiki/Japonisme	pages/Japonisme.html	Japonism
Jejemon	https://aesthetics.fandom.com/wiki/Jejemon	pages/Jejemon.html
Jirai Kei	https://aesthetics.fandom.com/wiki/Jirai_Kei	pages/Jirai Kei.html	Pien Kei
Jock	https://aesthetics.fandom.com/wiki/Jock	pages/Jock.html	Athlete	Sportsman
Juggalo	https://aesthetics.fandom.com/wiki/Juggalo	pages/Juggalo.html
Junglecore	https://aesthetics.fandom.com/wiki/Junglecore	pages/Junglecore.html
Junkpunk	https://aesthetics.fandom.com/wiki/Junkpunk	pages/Junkpunk.html	Salvagepunk	Scavenged Punk	Scrappunk
Kandi Raver	https://aesthetics.fandom.com/wiki/Kandi_Raver	pages/Kandi Raver.html	Kandi Kid	Kandi Culture Participant
Karasu Zoku	https://aesthetics.fandom.com/wiki/Karasu_Zoku	pages/Karasu Zoku.html	Mode fashion
Kawaii	https://aesthetics.fandom.com/wiki/Kawaii	pages/Kawaii.html
Kawaii Gamer	https://aesthetics.fandom.com/wiki/Kawaii_Gamer	pages/Kawaii Gamer.html	Gamer Girl	Kawaii Streamer	Pastel E-Girl	Weeaboo E-Girl
Kid Science	https://aesthetics.fandom.com/wiki/Kid_Science	pages/Kid Science.html
Kidcore	https://aesthetics.fandom.com/wiki/Kidcore	pages/Kidcore.html	Kidult
Kinderwhore	https://aesthetics.fandom.com/wiki/Kinderwhore	pages/Kinderwhore.html
Kingcore	https://aesthetics.fandom.com/wiki/Kingcore	pages/Kingcore.html
Kitsch Las Vegas	https://aesthetics.fandom.com/wiki/Kitsch_Las_Vegas	pages/Kitsch Las Vegas.html
Kiwiana	https://aesthetics.fandom.com/wiki/Kiwiana	pages/Kiwiana.html
Knightcore	https://aesthetics.fandom.com/wiki/Knightcore	pages/Knightcore.html
Kogal	https://aesthetics.fandom.com/wiki/Kogal	pages/Kogal.html	Kogyaru	Heisei Gyaru
Korean Cozy Beige	https://aesthetics.fandom.com/wiki/Korean_Cozy_Beige	pages/Korean Cozy Beige.html	Beige Milk Tea	Korean Neutral Beige
Krocha	https://aesthetics.fandom.com/wiki/Krocha	pages/Krocha.html	Kracher (High German)	Netlog Styler
Krushclub	https://aesthetics.fandom.com/wiki/Krushclub	pages/Krushclub.html	KRUSHCLUB!	KRUSHFUNK!
Kuromicore	https://aesthetics.fandom.com/wiki/Kuromicore	pages/Kuromicore.html	Kuromiotaku
La Movida	https://aesthetics.fandom.com/wiki/La_Movida	pages/La Movida.html	Golden Age of Spanish Pop	(La Edad de Oro del Pop Español)	A Movida (Galician)	La Moguda (Catalan)
La Sape	https://aesthetics.fandom.com/wiki/La_Sape	pages/La Sape.html	Sapeurs
Labcore	https://aesthetics.fandom.com/wiki/Labcore	pages/Labcore.html	Mad Scientist Aesthetic	Sciencecore
Larme Kei	https://aesthetics.fandom.com/wiki/Larme_Kei	pages/Larme Kei.html
Laser Grid	https://aesthetics.fandom.com/wiki/Laser_Grid	pages/Laser Grid.html
Late 2000s Elementary School	https://aesthetics.fandom.com/wiki/Late_2000s_Elementary_School	pages/Late 2000s Elementary School.html
Light Academia	https://aesthetics.fandom.com/wiki/Light_Academia	pages/Light Academia.html
Ligne Claire	https://aesthetics.fandom.com/wiki/Ligne_Claire	pages/Ligne Claire.html	Klare Lijn (Dutch)	Hergé Style	Tintin Style
Liminal Space	https://aesthetics.fandom.com/wiki/Liminal_Space	pages/Liminal Space.html	Liminality	Liminalcore	Liminal aesthetic	Anemoiacore
List of Aesthetics?action=history	https://aesthetics.fandom.com/wiki/List_of_Aesthetics?action=history	pages/List of Aesthetics?action=history.html
List of Aesthetics?action=purge	https://aesthetics.fandom.com/wiki/List_of_Aesthetics?action=purge	pages/List of Aesthetics?action=purge.html
List of Deleted Pages and Why	https://aesthetics.fandom.com/wiki/List_of_Deleted_Pages_and_Why	pages/List of Deleted Pages and Why.html
Live Laugh Love	https://aesthetics.fandom.com/wiki/Live_Laugh_Love	pages/Live Laugh Love.html
Living Doll	https://aesthetics.fandom.com/wiki/Living_Doll	pages/Living Doll.html	Human Doll	Barbie Transformation
Lo-fi	https://aesthetics.fandom.com/wiki/Lo-fi	pages/Lo-fi.html	Low Fidelity	DIY Music
Lobotomy Chic	https://aesthetics.fandom.com/wiki/Lobotomy_Chic	pages/Lobotomy Chic.html	Dissociative Pout	Selfie Nihilism
Local Sitemap	https://aesthetics.fandom.com/wiki/Local_Sitemap	pages/Local Sitemap.html
Lolicore	https://aesthetics.fandom.com/wiki/Lolicore	pages/Lolicore.html	Anicore (early name	mostly used by Onomatopeee)
Lolita	https://aesthetics.fandom.com/wiki/Lolita	pages/Lolita.html
Lovecore	https://aesthetics.fandom.com/wiki/Lovecore	pages/Lovecore.html	Heartcore	Crushcore	Cupidcore	Valentinecore	Lovewave	Saint Valentine&#39;s Day
Low Poly	https://aesthetics.fandom.com/wiki/Low_Poly	pages/Low Poly.html	Low Polygon Mesh	PS1	N64	DS	PS1	Dreamcast
Lowbrow	https://aesthetics.fandom.com/wiki/Lowbrow	pages/Lowbrow.html	Pop Surrealism	Newbrow	Nobrow
Lunarpunk	https://aesthetics.fandom.com/wiki/Lunarpunk	pages/Lunarpunk.html
Mad Scientist	https://aesthetics.fandom.com/wiki/Mad_Scientist	pages/Mad Scientist.html
Madchester	https://aesthetics.fandom.com/wiki/Madchester	pages/Madchester.html	Second Summer of Love	Baggy
Magical Girl	https://aesthetics.fandom.com/wiki/Magical_Girl	pages/Magical Girl.html	Mahou Shoujo
Magician	https://aesthetics.fandom.com/wiki/Magician	pages/Magician.html	Magiciancore	Stage-Magician Core	Magic-Showcore	Illusionistcore
Maid	https://aesthetics.fandom.com/wiki/Maid	pages/Maid.html	Maidcore
Maillard Style	https://aesthetics.fandom.com/wiki/Maillard_Style	pages/Maillard Style.html
Mall Ninja	https://aesthetics.fandom.com/wiki/Mall_Ninja	pages/Mall Ninja.html
Mallgoth	https://aesthetics.fandom.com/wiki/Mallgoth	pages/Mallgoth.html	Baby Bats	Spooky Kids	Alternative Kids	Hot Topic Kids	Wannabe Goths	Baby Goths	Херки (in Russia)
Mallsoft	https://aesthetics.fandom.com/wiki/Mallsoft	pages/Mallsoft.html	Mallcore	Mallwave
Mandrake	https://aesthetics.fandom.com/wiki/Mandrake	pages/Mandrake.html	Nóia	Mandraka	Cria	Funkeiro	Funkeira	Chave	Maloka
Manguebeat	https://aesthetics.fandom.com/wiki/Manguebeat	pages/Manguebeat.html	Manguebit
Manueline	https://aesthetics.fandom.com/wiki/Manueline	pages/Manueline.html	Portuguese Late Gothic
Marshmallow Girl	https://aesthetics.fandom.com/wiki/Marshmallow_Girl	pages/Marshmallow Girl.html
Maximalism	https://aesthetics.fandom.com/wiki/Maximalism	pages/Maximalism.html	Maximalist
McBling	https://aesthetics.fandom.com/wiki/McBling	pages/McBling.html	Hollywood Trashcore	Y2K (mistakenly)	Trashy Y2K	2000s Trashy
Meatcore	https://aesthetics.fandom.com/wiki/Meatcore	pages/Meatcore.html	Fleshcore
Mecha	https://aesthetics.fandom.com/wiki/Mecha	pages/Mecha.html
Med-Tech Visions	https://aesthetics.fandom.com/wiki/Med-Tech_Visions	pages/Med-Tech Visions.html	Medical scientific stock imagery
Medicalcore	https://aesthetics.fandom.com/wiki/Medicalcore	pages/Medicalcore.html	Hospitalcore	Nursecore
Medieval	https://aesthetics.fandom.com/wiki/Medieval	pages/Medieval.html	Middle Ages
Medieval Fantasy	https://aesthetics.fandom.com/wiki/Medieval_Fantasy	pages/Medieval Fantasy.html
Meme Rap	https://aesthetics.fandom.com/wiki/Meme_Rap	pages/Meme Rap.html	Internet Rap	Ironic Rap
Memphis Design	https://aesthetics.fandom.com/wiki/Memphis_Design	pages/Memphis Design.html	Memphis Art	Memphis	Memphis-Milano
Memphis Lite	https://aesthetics.fandom.com/wiki/Memphis_Lite	pages/Memphis Lite.html	Memphis	90s Retro	Contempo-Eclectic
Mermaid	https://aesthetics.fandom.com/wiki/Mermaid	pages/Mermaid.html	Mermaidcore	Merman	Merfolk
Messy French It Girl	https://aesthetics.fandom.com/wiki/Messy_French_It_Girl	pages/Messy French It Girl.html	Messy French Girl
Metal	https://aesthetics.fandom.com/wiki/Metal	pages/Metal.html	Metal	Heavy Metal
Metalheart	https://aesthetics.fandom.com/wiki/Metalheart	pages/Metalheart.html	Depthcore	Trendwhore
Metrosexual	https://aesthetics.fandom.com/wiki/Metrosexual	pages/Metrosexual.html
Mexican Muralism	https://aesthetics.fandom.com/wiki/Mexican_Muralism	pages/Mexican Muralism.html	Muralismo Mexicano
Mid-Century Modern	https://aesthetics.fandom.com/wiki/Mid-Century_Modern	pages/Mid-Century Modern.html
Midwest Emo	https://aesthetics.fandom.com/wiki/Midwest_Emo	pages/Midwest Emo.html	Second Wave Emo	Fourth Wave Emo	Midwestern Emo	Emo Revival
Midwest Gothic	https://aesthetics.fandom.com/wiki/Midwest_Gothic	pages/Midwest Gothic.html	Midwestern Gothic
Milipili	https://aesthetics.fandom.com/wiki/Milipili	pages/Milipili.html	Chetas	Tinchos (male variant)
Military	https://aesthetics.fandom.com/wiki/Military	pages/Military.html
Minet	https://aesthetics.fandom.com/wiki/Minet	pages/Minet.html	Minets du Drugstore	Bande du Drugstore	Blousons Dorés
Miniature	https://aesthetics.fandom.com/wiki/Miniature	pages/Miniature.html	Minicore
Minimal Wave	https://aesthetics.fandom.com/wiki/Minimal_Wave	pages/Minimal Wave.html	Synth Wave (not to be confused with	Synthwave	)
Minimalism	https://aesthetics.fandom.com/wiki/Minimalism	pages/Minimalism.html	Matcha
Mizuiro	https://aesthetics.fandom.com/wiki/Mizuiro	pages/Mizuiro.html	Tenshi Kaiwai
Mob Wife	https://aesthetics.fandom.com/wiki/Mob_Wife	pages/Mob Wife.html
Mod	https://aesthetics.fandom.com/wiki/Mod	pages/Mod.html	Modernist
Modernism	https://aesthetics.fandom.com/wiki/Modernism	pages/Modernism.html
Modernisme	https://aesthetics.fandom.com/wiki/Modernisme	pages/Modernisme.html	Catalan Modernism	Catalan Art Nouveau
Moe	https://aesthetics.fandom.com/wiki/Moe	pages/Moe.html	Moeru	Moecore	Moé	&#34;Cute Anime Girl&#34;
Monochrome Luxe	https://aesthetics.fandom.com/wiki/Monochrome_Luxe	pages/Monochrome Luxe.html
Mori Kei	https://aesthetics.fandom.com/wiki/Mori_Kei	pages/Mori Kei.html	Mori Girl	Mori Boy
Morute	https://aesthetics.fandom.com/wiki/Morute	pages/Morute.html	Morbid Cute	Sad Babydoll	sadbbydoll	Dark Vintage Childish	Creepy Cute Tumblr
Mossy	https://aesthetics.fandom.com/wiki/Mossy	pages/Mossy.html	Mosscore
Mote Kei	https://aesthetics.fandom.com/wiki/Mote_Kei	pages/Mote Kei.html
Mudéjar	https://aesthetics.fandom.com/wiki/Mud%C3%A9jar	pages/Mudéjar.html	Mudèjar (Catalan language)
Musical Academia	https://aesthetics.fandom.com/wiki/Musical_Academia	pages/Musical Academia.html
Mythpunk	https://aesthetics.fandom.com/wiki/Mythpunk	pages/Mythpunk.html
Nanchatte Seifuku	https://aesthetics.fandom.com/wiki/Nanchatte_Seifuku	pages/Nanchatte Seifuku.html	High School Fantasy (ハイスクールファンタジー)
Naturecore	https://aesthetics.fandom.com/wiki/Naturecore	pages/Naturecore.html
Nautical	https://aesthetics.fandom.com/wiki/Nautical	pages/Nautical.html	Sailorcore	Navy	Marine
Nautical Fantasy	https://aesthetics.fandom.com/wiki/Nautical_Fantasy	pages/Nautical Fantasy.html	Nautical Fiction
Nazi Chic	https://aesthetics.fandom.com/wiki/Nazi_Chic	pages/Nazi Chic.html
Neko	https://aesthetics.fandom.com/wiki/Neko	pages/Neko.html
Neo-Chinese Style	https://aesthetics.fandom.com/wiki/Neo-Chinese_Style	pages/Neo-Chinese Style.html	New Chinese Style	Xinzhongshi (新中式)	Neo-Chinese fashion
Neo-Pop	https://aesthetics.fandom.com/wiki/Neo-Pop	pages/Neo-Pop.html	New Pop
Neoclassicism	https://aesthetics.fandom.com/wiki/Neoclassicism	pages/Neoclassicism.html
Neon Noir	https://aesthetics.fandom.com/wiki/Neon_Noir	pages/Neon Noir.html	Neo-Noir
Nerd	https://aesthetics.fandom.com/wiki/Nerd	pages/Nerd.html	Academia	Academic Culture	Bookworm
Nerdcore	https://aesthetics.fandom.com/wiki/Nerdcore	pages/Nerdcore.html
Nerdcore Techno	https://aesthetics.fandom.com/wiki/Nerdcore_Techno	pages/Nerdcore Techno.html	Sampling Techno	[	1	]	Japanese Nerdcore (to distinguish from	Nerdcore	)
Net.art	https://aesthetics.fandom.com/wiki/Net.art	pages/Net.art.html	Internet Art	Telematic Art
Neubrutalism	https://aesthetics.fandom.com/wiki/Neubrutalism	pages/Neubrutalism.html	Neo Brutalism	Neo Memphis
Neue Slowenische Kunst	https://aesthetics.fandom.com/wiki/Neue_Slowenische_Kunst	pages/Neue Slowenische Kunst.html	NSK
New Age	https://aesthetics.fandom.com/wiki/New_Age	pages/New Age.html
New Beat	https://aesthetics.fandom.com/wiki/New_Beat	pages/New Beat.html	New Wave Disco Beat	Belgian New Beat
New England Gothic	https://aesthetics.fandom.com/wiki/New_England_Gothic	pages/New England Gothic.html	&#34;Northern Gothic&#34;
New Figuration	https://aesthetics.fandom.com/wiki/New_Figuration	pages/New Figuration.html	Neofiguration	Neo-Figurative Art	Nueva Figuración
New Look	https://aesthetics.fandom.com/wiki/New_Look	pages/New Look.html
New Money	https://aesthetics.fandom.com/wiki/New_Money	pages/New Money.html	Nouveau Riche	New Rich
New Rave	https://aesthetics.fandom.com/wiki/New_Rave	pages/New Rave.html	Nu-Rave	Nu Rave	Neu Rave
New Romantic	https://aesthetics.fandom.com/wiki/New_Romantic	pages/New Romantic.html	Blitz Kids
New Wave	https://aesthetics.fandom.com/wiki/New_Wave	pages/New Wave.html
Newlyn School	https://aesthetics.fandom.com/wiki/Newlyn_School	pages/Newlyn School.html	Skol Lulyn (Cornish)
Normcore	https://aesthetics.fandom.com/wiki/Normcore	pages/Normcore.html	Normal	Basic	Simple	Plain	Ordinary	&#34;Socially Acceptable&#34;
Northern Soul	https://aesthetics.fandom.com/wiki/Northern_Soul	pages/Northern Soul.html	Popcorn (in Belgium)
Northerness	https://aesthetics.fandom.com/wiki/Northerness	pages/Northerness.html	Norse	Viking	Nordic	Scandinavia
Nostalgiacore	https://aesthetics.fandom.com/wiki/Nostalgiacore	pages/Nostalgiacore.html
Noucentisme	https://aesthetics.fandom.com/wiki/Noucentisme	pages/Noucentisme.html
Nouveau Réalisme	https://aesthetics.fandom.com/wiki/Nouveau_R%C3%A9alisme	pages/Nouveau Réalisme.html	New Realism
Nu-Goth	https://aesthetics.fandom.com/wiki/Nu-Goth	pages/Nu-Goth.html	Hipster Goth
Nu-Metal	https://aesthetics.fandom.com/wiki/Nu-Metal	pages/Nu-Metal.html
Nu-Punk	https://aesthetics.fandom.com/wiki/Nu-Punk	pages/Nu-Punk.html	Chicago Punk
Nuclear	https://aesthetics.fandom.com/wiki/Nuclear	pages/Nuclear.html	Nuclearcore
Nymphet	https://aesthetics.fandom.com/wiki/Nymphet	pages/Nymphet.html	Nymphette	Vintage Americana Coquette	American Lolita	Lolitacore	Masc Coquette	Vintage Americana
Ocean Academia	https://aesthetics.fandom.com/wiki/Ocean_Academia	pages/Ocean Academia.html
Ocean Grunge	https://aesthetics.fandom.com/wiki/Ocean_Grunge	pages/Ocean Grunge.html
Oceanpunk	https://aesthetics.fandom.com/wiki/Oceanpunk	pages/Oceanpunk.html
Office Siren	https://aesthetics.fandom.com/wiki/Office_Siren	pages/Office Siren.html	Boardroom Chic	Bayonettacore	Corpcore	Sexy Officecore
Oktoberfest	https://aesthetics.fandom.com/wiki/Oktoberfest	pages/Oktoberfest.html	Wiesn	d&#39;Wiesn
Old Hollywood	https://aesthetics.fandom.com/wiki/Old_Hollywood	pages/Old Hollywood.html
Old Money	https://aesthetics.fandom.com/wiki/Old_Money	pages/Old Money.html	Elite	Posh	WASP	Vieux Riche (rare)
Olderbrothercore	https://aesthetics.fandom.com/wiki/Olderbrothercore	pages/Olderbrothercore.html	Older Brother in the 2000s
Onii Kei	https://aesthetics.fandom.com/wiki/Onii_Kei	pages/Onii Kei.html
Op Art	https://aesthetics.fandom.com/wiki/Op_Art	pages/Op Art.html	Optical Art
Opium	https://aesthetics.fandom.com/wiki/Opium	pages/Opium.html	Vamp
Oshare Kei	https://aesthetics.fandom.com/wiki/Oshare_Kei	pages/Oshare Kei.html	Osare Kei (	オサレ系	)
Oshi Culture	https://aesthetics.fandom.com/wiki/Oshi_Culture	pages/Oshi Culture.html	Wotaku	Idol Otaku
Ostalgie	https://aesthetics.fandom.com/wiki/Ostalgie	pages/Ostalgie.html	East German Nostalgia	GDR Nostalgia	Eastalgia
Otaku	https://aesthetics.fandom.com/wiki/Otaku	pages/Otaku.html
Pachuco	https://aesthetics.fandom.com/wiki/Pachuco	pages/Pachuco.html
Pages We Need	https://aesthetics.fandom.com/wiki/Pages_We_Need	pages/Pages We Need.html
Paleocore	https://aesthetics.fandom.com/wiki/Paleocore	pages/Paleocore.html	Paleontology	Dinosaur Academia
Paninaro	https://aesthetics.fandom.com/wiki/Paninaro	pages/Paninaro.html
Paramilitary	https://aesthetics.fandom.com/wiki/Paramilitary	pages/Paramilitary.html	SWATcore	SWATpunk
Pastel Academia	https://aesthetics.fandom.com/wiki/Pastel_Academia	pages/Pastel Academia.html	Kawaii Academia
Pastel Gore	https://aesthetics.fandom.com/wiki/Pastel_Gore	pages/Pastel Gore.html	Pastel Guro	Macaute
Pastel Goth	https://aesthetics.fandom.com/wiki/Pastel_Goth	pages/Pastel Goth.html	Kawaii Goth	Spooky Kawaii
Paty de SP	https://aesthetics.fandom.com/wiki/Paty_de_SP	pages/Paty de SP.html	Paty	Paty Girl	Patty	Patricinha	Burguesa	Mauricinho/Enzo (male variant)
PC-98	https://aesthetics.fandom.com/wiki/PC-98	pages/PC-98.html
Peacock Revolution	https://aesthetics.fandom.com/wiki/Peacock_Revolution	pages/Peacock Revolution.html	Swinging London	Freakbeat	Soft Mod	Peacock Mod	Smooth Mod	British Invasion
PEEPS	https://aesthetics.fandom.com/wiki/PEEPS	pages/PEEPS.html	Gengarcore
Peoplehood	https://aesthetics.fandom.com/wiki/Peoplehood	pages/Peoplehood.html
Perky Goth	https://aesthetics.fandom.com/wiki/Perky_Goth	pages/Perky Goth.html	Babydoll Goth
Person-Created Aesthetics	https://aesthetics.fandom.com/wiki/Person-Created_Aesthetics	pages/Person-Created Aesthetics.html
Photorealism	https://aesthetics.fandom.com/wiki/Photorealism	pages/Photorealism.html	Super Realism	Hyper-Realism	New Realism	Sharp-Focus Realism
Picniccore	https://aesthetics.fandom.com/wiki/Picniccore	pages/Picniccore.html	Picnic	Jamcore
Pijo	https://aesthetics.fandom.com/wiki/Pijo	pages/Pijo.html	Postu	Cayetano
Pin-up	https://aesthetics.fandom.com/wiki/Pin-up	pages/Pin-up.html	Cheesecake/Beefcake	Glamour modeling	Vargas girls	Boudoir
Pink Paris Design	https://aesthetics.fandom.com/wiki/Pink_Paris_Design	pages/Pink Paris Design.html	Triple Chic	Paris Party	Paris Bling	Oh Là Là Paris
Pink Parisian	https://aesthetics.fandom.com/wiki/Pink_Parisian	pages/Pink Parisian.html	Vintage Parisian
Pink Pilates Princess	https://aesthetics.fandom.com/wiki/Pink_Pilates_Princess	pages/Pink Pilates Princess.html
Pink Princess	https://aesthetics.fandom.com/wiki/Pink_Princess	pages/Pink Princess.html	Rocococore	Modern Rococo
Pirate	https://aesthetics.fandom.com/wiki/Pirate	pages/Pirate.html	Piratecore	Piratewave
Pixel UI	https://aesthetics.fandom.com/wiki/Pixel_UI	pages/Pixel UI.html	Pixel Design	Pixel Perfect
Pixelscape	https://aesthetics.fandom.com/wiki/Pixelscape	pages/Pixelscape.html
Plaguecore	https://aesthetics.fandom.com/wiki/Plaguecore	pages/Plaguecore.html
Plakatstil	https://aesthetics.fandom.com/wiki/Plakatstil	pages/Plakatstil.html	Sachplakat
Plant Mom	https://aesthetics.fandom.com/wiki/Plant_Mom	pages/Plant Mom.html	Plant Parent	Plant Dad	Plant Papa	Plantcore
Playboy	https://aesthetics.fandom.com/wiki/Playboy	pages/Playboy.html
Pokemón	https://aesthetics.fandom.com/wiki/Pokem%C3%B3n	pages/Pokemón.html	HxCitos	Hardcoritos
Politicalwave	https://aesthetics.fandom.com/wiki/Politicalwave	pages/Politicalwave.html	Political Vaporwave/Synthwave
Pont-Aven School	https://aesthetics.fandom.com/wiki/Pont-Aven_School	pages/Pont-Aven School.html
Poolcore	https://aesthetics.fandom.com/wiki/Poolcore	pages/Poolcore.html	Poolrooms	Liminal Pool	Dreampools
Pop Art	https://aesthetics.fandom.com/wiki/Pop_Art	pages/Pop Art.html
Poppare	https://aesthetics.fandom.com/wiki/Poppare	pages/Poppare.html
Popper	https://aesthetics.fandom.com/wiki/Popper	pages/Popper.html	Snob (in Austria)
Positivity Kawaii	https://aesthetics.fandom.com/wiki/Positivity_Kawaii	pages/Positivity Kawaii.html	Wellness Kawaii	Western Kawaii
Post-Apocalyptic	https://aesthetics.fandom.com/wiki/Post-Apocalyptic	pages/Post-Apocalyptic.html	Dystopian
Post-Impressionism	https://aesthetics.fandom.com/wiki/Post-Impressionism	pages/Post-Impressionism.html
Post-Punk	https://aesthetics.fandom.com/wiki/Post-Punk	pages/Post-Punk.html
Poster Gal	https://aesthetics.fandom.com/wiki/Poster_Gal	pages/Poster Gal.html	deviantARTcore	2000s deviantART	Y2K Chibi
Power Dressing	https://aesthetics.fandom.com/wiki/Power_Dressing	pages/Power Dressing.html
Prairie	https://aesthetics.fandom.com/wiki/Prairie	pages/Prairie.html	Uptown Prairie
Pre-Raphaelite	https://aesthetics.fandom.com/wiki/Pre-Raphaelite	pages/Pre-Raphaelite.html
Precisionism	https://aesthetics.fandom.com/wiki/Precisionism	pages/Precisionism.html
Prehistoric	https://aesthetics.fandom.com/wiki/Prehistoric	pages/Prehistoric.html
Preppy	https://aesthetics.fandom.com/wiki/Preppy	pages/Preppy.html	Preppie	Prep
Princecore	https://aesthetics.fandom.com/wiki/Princecore	pages/Princecore.html
Princesscore	https://aesthetics.fandom.com/wiki/Princesscore	pages/Princesscore.html
Psychedelia	https://aesthetics.fandom.com/wiki/Psychedelia	pages/Psychedelia.html
Psychobilly	https://aesthetics.fandom.com/wiki/Psychobilly	pages/Psychobilly.html	Punkabilly
Punk	https://aesthetics.fandom.com/wiki/Punk	pages/Punk.html	Punk Rock
Purism	https://aesthetics.fandom.com/wiki/Purism	pages/Purism.html
Quality Tumblr	https://aesthetics.fandom.com/wiki/Quality_Tumblr	pages/Quality Tumblr.html
Queencore	https://aesthetics.fandom.com/wiki/Queencore	pages/Queencore.html
Queercore	https://aesthetics.fandom.com/wiki/Queercore	pages/Queercore.html	Homocore	Queerpunk
Racing	https://aesthetics.fandom.com/wiki/Racing	pages/Racing.html	Racer	Motorsports	Auto Racing	Car Racing	Automobile Racing	Motocross	Racecore
Radical Design	https://aesthetics.fandom.com/wiki/Radical_Design	pages/Radical Design.html	Radical Surrealism	(CARI)
Raggare	https://aesthetics.fandom.com/wiki/Raggare	pages/Raggare.html
Rave	https://aesthetics.fandom.com/wiki/Rave	pages/Rave.html	Rave Culture	Raver
Raxet	https://aesthetics.fandom.com/wiki/Raxet	pages/Raxet.html	Ráchet (less common; used in normative Spanish)	[	1	]
Raygun Gothic	https://aesthetics.fandom.com/wiki/Raygun_Gothic	pages/Raygun Gothic.html	Populuxe	Googie
Realism	https://aesthetics.fandom.com/wiki/Realism	pages/Realism.html
Regency	https://aesthetics.fandom.com/wiki/Regency	pages/Regency.html
Regional Gothic	https://aesthetics.fandom.com/wiki/Regional_Gothic	pages/Regional Gothic.html
Renovador Movement	https://aesthetics.fandom.com/wiki/Renovador_Movement	pages/Renovador Movement.html	Os Renovadores	Os Novos	Movemento Renovador	Renovadorismo
Retrofuturism	https://aesthetics.fandom.com/wiki/Retrofuturism	pages/Retrofuturism.html
Riot Grrrl	https://aesthetics.fandom.com/wiki/Riot_Grrrl	pages/Riot Grrrl.html
Rivethead	https://aesthetics.fandom.com/wiki/Rivethead	pages/Rivethead.html
Roaring 20s	https://aesthetics.fandom.com/wiki/Roaring_20s	pages/Roaring 20s.html
Robotcore	https://aesthetics.fandom.com/wiki/Robotcore	pages/Robotcore.html	Codingcore	AI.core	Androidcore
Rock 'n' Roll	https://aesthetics.fandom.com/wiki/Rock_%27n%27_Roll	pages/Rock 'n' Roll.html	Rocker	Rockstar	Leather Boys	Ton-Up Boys
Rockabilly	https://aesthetics.fandom.com/wiki/Rockabilly	pages/Rockabilly.html	Rockabella (feminine)
Rocketpunk	https://aesthetics.fandom.com/wiki/Rocketpunk	pages/Rocketpunk.html	Hard sci-fi (if realistic)	NASApunk	COADEcore
Rockstar GF	https://aesthetics.fandom.com/wiki/Rockstar_GF	pages/Rockstar GF.html
Rococo	https://aesthetics.fandom.com/wiki/Rococo	pages/Rococo.html	Pompadour style	Louis XV style	Régence style
Romanesque	https://aesthetics.fandom.com/wiki/Romanesque	pages/Romanesque.html	Other languages	:	Romanica (Italian)	Románico (Spanish)	Românica (Portuguese)	Art Roman (French)	Romanik (German)	Romànic (Catalan)	Románica (Galician)	Románicu (Asturleonese)	Romanic (Occitan)	Erromanikoa (Basque)	Rumànica (Corsican)	Romansk (Scandinavia)	Romański (Polish)	Romanică (Romanian)	Romanika (Hungarian)	Romaans (Dutch)
Romantic Academia	https://aesthetics.fandom.com/wiki/Romantic_Academia	pages/Romantic Academia.html	Coquette Academia
Romantic Chinese Village	https://aesthetics.fandom.com/wiki/Romantic_Chinese_Village	pages/Romantic Chinese Village.html
Romantic Goth	https://aesthetics.fandom.com/wiki/Romantic_Goth	pages/Romantic Goth.html	Romantigoth
Romantic Italian	https://aesthetics.fandom.com/wiki/Romantic_Italian	pages/Romantic Italian.html
Romanticism	https://aesthetics.fandom.com/wiki/Romanticism	pages/Romanticism.html
Royalcore	https://aesthetics.fandom.com/wiki/Royalcore	pages/Royalcore.html	Royaltycore	Princecore	Princesscore	Kingcore	Queencore
Rude Boy	https://aesthetics.fandom.com/wiki/Rude_Boy	pages/Rude Boy.html	Rudeboy	Rudie	Rudi	Rudy
Rustic	https://aesthetics.fandom.com/wiki/Rustic	pages/Rustic.html	Rural
Ruta Destroy	https://aesthetics.fandom.com/wiki/Ruta_Destroy	pages/Ruta Destroy.html	Ruta del Bakalao	La Ruta	La Marcha	Remember (Revival Events)	Bakala	Mákinero (Subculture)
Sad Beige	https://aesthetics.fandom.com/wiki/Sad_Beige	pages/Sad Beige.html	Sad Beige Mom	Beige Mom	Sad Beige Baby
Sadbois and Sadgirls	https://aesthetics.fandom.com/wiki/Sadbois_and_Sadgirls	pages/Sadbois and Sadgirls.html
Safari	https://aesthetics.fandom.com/wiki/Safari	pages/Safari.html	African Safari
Saint Patrick's Day	https://aesthetics.fandom.com/wiki/Saint_Patrick%27s_Day	pages/Saint Patrick's Day.html	St. Patrick&#39;s Day	Saint Paddy&#39;s Day	Feast of Saint Patrick	Lá Fhéile Pádraig (Irish)
Sandalpunk	https://aesthetics.fandom.com/wiki/Sandalpunk	pages/Sandalpunk.html	Bronzepunk
Sanriocore	https://aesthetics.fandom.com/wiki/Sanriocore	pages/Sanriocore.html
Scandi Girl Winter	https://aesthetics.fandom.com/wiki/Scandi_Girl_Winter	pages/Scandi Girl Winter.html	Scandi Girl	Scandinavian It Girl	Scandinavian Style
Scandinavian Design	https://aesthetics.fandom.com/wiki/Scandinavian_Design	pages/Scandinavian Design.html	Nordic Design	Scandinavian Modern
Scene	https://aesthetics.fandom.com/wiki/Scene	pages/Scene.html	Scenester	Scene Kid	Scene Queen	Trendie	From UK (nickname that the subculture gained in Brazil)
Scene Tween	https://aesthetics.fandom.com/wiki/Scene_Tween	pages/Scene Tween.html	Wyld Style
Science Academia	https://aesthetics.fandom.com/wiki/Science_Academia	pages/Science Academia.html	Scientific Academia	STEM Academia
Scrapbook	https://aesthetics.fandom.com/wiki/Scrapbook	pages/Scrapbook.html	Scrapbookcore
Scrapper	https://aesthetics.fandom.com/wiki/Scrapper	pages/Scrapper.html	Fighter
Seapunk	https://aesthetics.fandom.com/wiki/Seapunk	pages/Seapunk.html
Seiz Breur	https://aesthetics.fandom.com/wiki/Seiz_Breur	pages/Seiz Breur.html	Ar Seiz Breur
Shabby Chic	https://aesthetics.fandom.com/wiki/Shabby_Chic	pages/Shabby Chic.html	Princess Cottage	Modern Victorian	Romantic Vintage
Shamate	https://aesthetics.fandom.com/wiki/Shamate	pages/Shamate.html
Shanzhai	https://aesthetics.fandom.com/wiki/Shanzhai	pages/Shanzhai.html	Chinafakes	Chinese knock-offs	Off-brands	Xing Ling (Brazil	derogatory)
Sharpies	https://aesthetics.fandom.com/wiki/Sharpies	pages/Sharpies.html
Shibuya Punk	https://aesthetics.fandom.com/wiki/Shibuya_Punk	pages/Shibuya Punk.html	Shibuya-kei	Grind Fiction	Animemo
Shoe Diva	https://aesthetics.fandom.com/wiki/Shoe_Diva	pages/Shoe Diva.html
Shoegaze	https://aesthetics.fandom.com/wiki/Shoegaze	pages/Shoegaze.html	Shoegazing
Sigilkore	https://aesthetics.fandom.com/wiki/Sigilkore	pages/Sigilkore.html
Signalism	https://aesthetics.fandom.com/wiki/Signalism	pages/Signalism.html	Signalizam or Сигнализам (in Serbo-Croatian)
Silicon Dreams	https://aesthetics.fandom.com/wiki/Silicon_Dreams	pages/Silicon Dreams.html	Early CGI	80s/90s CGI	Retro CGI	Old CGI	Drum &#39;n Bass CGI
Silkpunk	https://aesthetics.fandom.com/wiki/Silkpunk	pages/Silkpunk.html
Silver Age Comics	https://aesthetics.fandom.com/wiki/Silver_Age_Comics	pages/Silver Age Comics.html	Vintage Hero	Mid-20th Century Comic Book Style
Single-Subject Aesthetics	https://aesthetics.fandom.com/wiki/Single-Subject_Aesthetics	pages/Single-Subject Aesthetics.html
Situationism	https://aesthetics.fandom.com/wiki/Situationism	pages/Situationism.html	Situationist International
Sizz	https://aesthetics.fandom.com/wiki/Sizz	pages/Sizz.html
Skater	https://aesthetics.fandom.com/wiki/Skater	pages/Skater.html	Skate	Skatercore
Skeuomorphism	https://aesthetics.fandom.com/wiki/Skeuomorphism	pages/Skeuomorphism.html	Realistic Design/UI	Skiamorphism
Skinhead	https://aesthetics.fandom.com/wiki/Skinhead	pages/Skinhead.html
Slavic Doll	https://aesthetics.fandom.com/wiki/Slavic_Doll	pages/Slavic Doll.html	Russian Doll	Doll Era	Dollface	Prada Effect
Slavic Violence Tumblr	https://aesthetics.fandom.com/wiki/Slavic_Violence_Tumblr	pages/Slavic Violence Tumblr.html	Balkan Violence	Balkan Rage
Slimepunk	https://aesthetics.fandom.com/wiki/Slimepunk	pages/Slimepunk.html
Sloanie	https://aesthetics.fandom.com/wiki/Sloanie	pages/Sloanie.html	Sloane	Sloane Ranger	Sloane Chap	Sloane Gel
Slutcore	https://aesthetics.fandom.com/wiki/Slutcore	pages/Slutcore.html	Whorecore	Bimbo
Social Realism	https://aesthetics.fandom.com/wiki/Social_Realism	pages/Social Realism.html	Social Commentary Art
Socialist Realism	https://aesthetics.fandom.com/wiki/Socialist_Realism	pages/Socialist Realism.html	Soviet Realism
Soft Apocalypse	https://aesthetics.fandom.com/wiki/Soft_Apocalypse	pages/Soft Apocalypse.html	Apocalypsecore
Soft Boy	https://aesthetics.fandom.com/wiki/Soft_Boy	pages/Soft Boy.html	Softie (masculine)
Soft Colonial Wanderlust	https://aesthetics.fandom.com/wiki/Soft_Colonial_Wanderlust	pages/Soft Colonial Wanderlust.html
Soft Countriana	https://aesthetics.fandom.com/wiki/Soft_Countriana	pages/Soft Countriana.html
Soft Girl	https://aesthetics.fandom.com/wiki/Soft_Girl	pages/Soft Girl.html	Softie (feminine)
Soft Grunge	https://aesthetics.fandom.com/wiki/Soft_Grunge	pages/Soft Grunge.html	Pale Grunge
Solarpunk	https://aesthetics.fandom.com/wiki/Solarpunk	pages/Solarpunk.html
Sots Art	https://aesthetics.fandom.com/wiki/Sots_Art	pages/Sots Art.html	Soc Art	Soviet Pop Art
Southern Belle	https://aesthetics.fandom.com/wiki/Southern_Belle	pages/Southern Belle.html	Georgia Peach (if from the state of Georgia)
Southern French Gothic	https://aesthetics.fandom.com/wiki/Southern_French_Gothic	pages/Southern French Gothic.html	Meridional Gothic	Occitan Gothic	Languedoc Gothic	Toulousian Gothic
Southern Gothic	https://aesthetics.fandom.com/wiki/Southern_Gothic	pages/Southern Gothic.html
Soviet Nostalgia	https://aesthetics.fandom.com/wiki/Soviet_Nostalgia	pages/Soviet Nostalgia.html	Sovietcore
Sovietwave	https://aesthetics.fandom.com/wiki/Sovietwave	pages/Sovietwave.html
Spacecore	https://aesthetics.fandom.com/wiki/Spacecore	pages/Spacecore.html	Astrocore	Cosmiccore	Celestial
Spanish Golden Age	https://aesthetics.fandom.com/wiki/Spanish_Golden_Age	pages/Spanish Golden Age.html	Golden Century
Special:Categories	https://aesthetics.fandom.com/wiki/Special:Categories	pages/Special:Categories.html
Sprezzatura	https://aesthetics.fandom.com/wiki/Sprezzatura	pages/Sprezzatura.html	Studied nonchalance	graceful conduct without apparent effort	elegantly disheveled	&#34;je ne sais quoi&#34;
Spring	https://aesthetics.fandom.com/wiki/Spring	pages/Spring.html
Spy Fiction	https://aesthetics.fandom.com/wiki/Spy_Fiction	pages/Spy Fiction.html
St Ives School	https://aesthetics.fandom.com/wiki/St_Ives_School	pages/St Ives School.html
Stalker	https://aesthetics.fandom.com/wiki/Stalker	pages/Stalker.html	Chernobyl Stalker
Stargirl	https://aesthetics.fandom.com/wiki/Stargirl	pages/Stargirl.html
Starrflesh	https://aesthetics.fandom.com/wiki/Starrflesh	pages/Starrflesh.html	Starflesh	Star Flesh
Steampunk	https://aesthetics.fandom.com/wiki/Steampunk	pages/Steampunk.html
Stilyagi	https://aesthetics.fandom.com/wiki/Stilyagi	pages/Stilyagi.html	Stilyaga (singular)
Stonepunk	https://aesthetics.fandom.com/wiki/Stonepunk	pages/Stonepunk.html	Flintstone	Caveman tech	Prehistoric tech	Neolithic tech	Stone age technology
Streamline Moderne	https://aesthetics.fandom.com/wiki/Streamline_Moderne	pages/Streamline Moderne.html	Art Moderne	Streamline Design	Style Paquebot (France)
Strega	https://aesthetics.fandom.com/wiki/Strega	pages/Strega.html
Studyblr	https://aesthetics.fandom.com/wiki/Studyblr	pages/Studyblr.html
Suburban Gothic	https://aesthetics.fandom.com/wiki/Suburban_Gothic	pages/Suburban Gothic.html
Succubus Chic	https://aesthetics.fandom.com/wiki/Succubus_Chic	pages/Succubus Chic.html	Voguish Vampire	Glam Ghoul	Deadly It Girl
Sukeban	https://aesthetics.fandom.com/wiki/Sukeban	pages/Sukeban.html
Summer	https://aesthetics.fandom.com/wiki/Summer	pages/Summer.html
Summer Matsuri	https://aesthetics.fandom.com/wiki/Summer_Matsuri	pages/Summer Matsuri.html	Natsu Matsuri	夏祭り
Superflat	https://aesthetics.fandom.com/wiki/Superflat	pages/Superflat.html
Superflat Pop	https://aesthetics.fandom.com/wiki/Superflat_Pop	pages/Superflat Pop.html	Flowery Pop	Sweet And Sunny
Supergraphic Ultramodern	https://aesthetics.fandom.com/wiki/Supergraphic_Ultramodern	pages/Supergraphic Ultramodern.html
Suprematism	https://aesthetics.fandom.com/wiki/Suprematism	pages/Suprematism.html
Surf Crush	https://aesthetics.fandom.com/wiki/Surf_Crush	pages/Surf Crush.html	Coconut Girl
Surfer	https://aesthetics.fandom.com/wiki/Surfer	pages/Surfer.html	Surf Culture
Surrealism	https://aesthetics.fandom.com/wiki/Surrealism	pages/Surrealism.html
Sweet Lolita	https://aesthetics.fandom.com/wiki/Sweet_Lolita	pages/Sweet Lolita.html
Swenkas	https://aesthetics.fandom.com/wiki/Swenkas	pages/Swenkas.html
Symbolism	https://aesthetics.fandom.com/wiki/Symbolism	pages/Symbolism.html	Symbolist Movement
Synthwave	https://aesthetics.fandom.com/wiki/Synthwave	pages/Synthwave.html	Futuresynth
Tacticool	https://aesthetics.fandom.com/wiki/Tacticool	pages/Tacticool.html
Taisho Roman	https://aesthetics.fandom.com/wiki/Taisho_Roman	pages/Taisho Roman.html	Taisho Romance	Taisho Romantic	Haikara
Takenokozoku	https://aesthetics.fandom.com/wiki/Takenokozoku	pages/Takenokozoku.html
Tango	https://aesthetics.fandom.com/wiki/Tango	pages/Tango.html	Tango Argentino	Milonga
Technozen	https://aesthetics.fandom.com/wiki/Technozen	pages/Technozen.html
Techwear	https://aesthetics.fandom.com/wiki/Techwear	pages/Techwear.html
Tecktonik	https://aesthetics.fandom.com/wiki/Tecktonik	pages/Tecktonik.html	TCK	Tectonic Dancer	Killer/Killeuse	Milky Way	Electro Dance	Vertigo
Teddy Boys	https://aesthetics.fandom.com/wiki/Teddy_Boys	pages/Teddy Boys.html	Teds	Teddies
Teenpunk	https://aesthetics.fandom.com/wiki/Teenpunk	pages/Teenpunk.html	Pop-Punk Emo	Punk Princess
Tenniscore	https://aesthetics.fandom.com/wiki/Tenniscore	pages/Tenniscore.html
Thai Modern	https://aesthetics.fandom.com/wiki/Thai_Modern	pages/Thai Modern.html	Thai Vintage
That Girl	https://aesthetics.fandom.com/wiki/That_Girl	pages/That Girl.html
Theatre Academia	https://aesthetics.fandom.com/wiki/Theatre_Academia	pages/Theatre Academia.html	Theatrical Academia
Thought Daughter	https://aesthetics.fandom.com/wiki/Thought_Daughter	pages/Thought Daughter.html
Tiki	https://aesthetics.fandom.com/wiki/Tiki	pages/Tiki.html	Polynesian Pop
TikTok Preppy	https://aesthetics.fandom.com/wiki/TikTok_Preppy	pages/TikTok Preppy.html	New Preppy
Tokusatsu	https://aesthetics.fandom.com/wiki/Tokusatsu	pages/Tokusatsu.html	Special Filming	Tokugi
Tomato Girl Summer	https://aesthetics.fandom.com/wiki/Tomato_Girl_Summer	pages/Tomato Girl Summer.html	Tomato Girl
Tomboy	https://aesthetics.fandom.com/wiki/Tomboy	pages/Tomboy.html	Bro Hoe	Butch	Stud	Masculine Girl	Mascgirl	Mascgal	Maschick	Boyishgirl	Mascwoman
Too Cool	https://aesthetics.fandom.com/wiki/Too_Cool	pages/Too Cool.html	Tacky Cool
Toyism	https://aesthetics.fandom.com/wiki/Toyism	pages/Toyism.html
Trad Goth	https://aesthetics.fandom.com/wiki/Trad_Goth	pages/Trad Goth.html
Tradcath Coquette	https://aesthetics.fandom.com/wiki/Tradcath_Coquette	pages/Tradcath Coquette.html	Coquette Catholic	TradCath E-Girl Summit	Conventcore
Trailer Park Princess	https://aesthetics.fandom.com/wiki/Trailer_Park_Princess	pages/Trailer Park Princess.html	Trashy Coquette	Trashette	60s Babydoll	Trailer Park Trash	Trailer Park Darling	Trailer Park Cutie	Trailer Park Angel
Tranquil Spa Graphics	https://aesthetics.fandom.com/wiki/Tranquil_Spa_Graphics	pages/Tranquil Spa Graphics.html	Tranquil Serenity	Frutiger Zen
Trap Metal	https://aesthetics.fandom.com/wiki/Trap_Metal	pages/Trap Metal.html	Ragecore	Death Rap	Hardcore Trap	Industrial Trap	Screamo Trap
Traumacore	https://aesthetics.fandom.com/wiki/Traumacore	pages/Traumacore.html
Trillwave	https://aesthetics.fandom.com/wiki/Trillwave	pages/Trillwave.html	Trill	Trill Era	Memphis Rap Revival	Phonk	Chopped and Screwed	Vaportrap	Wave	Swag Era	Vaporphonk
Trinketcore	https://aesthetics.fandom.com/wiki/Trinketcore	pages/Trinketcore.html	I-Spy
Tropical	https://aesthetics.fandom.com/wiki/Tropical	pages/Tropical.html	Island Life	Islandcore
Tudor	https://aesthetics.fandom.com/wiki/Tudor	pages/Tudor.html	Elizabethan Era
Tuscan Rustic	https://aesthetics.fandom.com/wiki/Tuscan_Rustic	pages/Tuscan Rustic.html	Tuscan Style	Old-World Luxe	2000s McMansion
Twee	https://aesthetics.fandom.com/wiki/Twee	pages/Twee.html
Tweencore	https://aesthetics.fandom.com/wiki/Tweencore	pages/Tweencore.html
Twilightcore	https://aesthetics.fandom.com/wiki/Twilightcore	pages/Twilightcore.html	Twilight Autumn	2000s Autumn	Dark Y2K
Ukiyo-e	https://aesthetics.fandom.com/wiki/Ukiyo-e	pages/Ukiyo-e.html
Ultras	https://aesthetics.fandom.com/wiki/Ultras	pages/Ultras.html
Unicorncore	https://aesthetics.fandom.com/wiki/Unicorncore	pages/Unicorncore.html	Unicorn Trend
Uptown Girl	https://aesthetics.fandom.com/wiki/Uptown_Girl	pages/Uptown Girl.html
Urban Fantasy	https://aesthetics.fandom.com/wiki/Urban_Fantasy	pages/Urban Fantasy.html
Urbancore	https://aesthetics.fandom.com/wiki/Urbancore	pages/Urbancore.html	Urbanism	Gangstacore	Homiecore	Ghettocore	Streetcore	Urbex	Citycore	Metropolitan	High-End Street Style	Streetwear	High-End Streetwear
UrBling	https://aesthetics.fandom.com/wiki/UrBling	pages/UrBling.html	Urban Grunge	City Grunge
Utopian Scholastic	https://aesthetics.fandom.com/wiki/Utopian_Scholastic	pages/Utopian Scholastic.html
Vacation Dadcore	https://aesthetics.fandom.com/wiki/Vacation_Dadcore	pages/Vacation Dadcore.html	Loco	Tropical Kitsch
Vampire	https://aesthetics.fandom.com/wiki/Vampire	pages/Vampire.html	Vampyre	folkloric names (e.g.	Strigoi	Nosferatu)
Vanilla Girl	https://aesthetics.fandom.com/wiki/Vanilla_Girl	pages/Vanilla Girl.html
Vaporwave	https://aesthetics.fandom.com/wiki/Vaporwave	pages/Vaporwave.html	Vapor	Vapour	Vapourwave
Vectorflourish	https://aesthetics.fandom.com/wiki/Vectorflourish	pages/Vectorflourish.html	Floral Metro (formerly)
Vectorheart	https://aesthetics.fandom.com/wiki/Vectorheart	pages/Vectorheart.html	Vectorheart Revival
Venetian Carnival	https://aesthetics.fandom.com/wiki/Venetian_Carnival	pages/Venetian Carnival.html	Carnevale di Venezia	Carneval de Venèsia
Victorian	https://aesthetics.fandom.com/wiki/Victorian	pages/Victorian.html
Victorian Goth	https://aesthetics.fandom.com/wiki/Victorian_Goth	pages/Victorian Goth.html	Gothic Victorian
Viking	https://aesthetics.fandom.com/wiki/Viking	pages/Viking.html
Vintage Americana	https://aesthetics.fandom.com/wiki/Vintage_Americana	pages/Vintage Americana.html
Vintage British Sportsman	https://aesthetics.fandom.com/wiki/Vintage_British_Sportsman	pages/Vintage British Sportsman.html	British hunting	rural noble culture	etc.
Visigothic Art	https://aesthetics.fandom.com/wiki/Visigothic_Art	pages/Visigothic Art.html
Visual Kei	https://aesthetics.fandom.com/wiki/Visual_Kei	pages/Visual Kei.html	VK	VKei	V系
Vorticism	https://aesthetics.fandom.com/wiki/Vorticism	pages/Vorticism.html
VSCO Girl	https://aesthetics.fandom.com/wiki/VSCO_Girl	pages/VSCO Girl.html
Vulture Culture	https://aesthetics.fandom.com/wiki/Vulture_Culture	pages/Vulture Culture.html
Wabi-Sabi	https://aesthetics.fandom.com/wiki/Wabi-Sabi	pages/Wabi-Sabi.html	Kintsugi
Waif	https://aesthetics.fandom.com/wiki/Waif	pages/Waif.html	Waifspo	Nepotism Girl	Female Manipulator	Girlblogger	Off Duty Model
Webcore	https://aesthetics.fandom.com/wiki/Webcore	pages/Webcore.html	Early Internet	Retro Web	Old Web	Web 1.0	&#34;Wild West&#34; Internet Era	1990s Internet
Weeaboo	https://aesthetics.fandom.com/wiki/Weeaboo	pages/Weeaboo.html	Weeb	Wapanese	Japanophile
Weirdcore	https://aesthetics.fandom.com/wiki/Weirdcore	pages/Weirdcore.html	Oddcore	Strangecore
Welwitschia Goth	https://aesthetics.fandom.com/wiki/Welwitschia_Goth	pages/Welwitschia Goth.html	Welwitschia Emo	Facebook Alt	Fantasy Emo	Whimsical Emo	Gothic Emo
Werewolf	https://aesthetics.fandom.com/wiki/Werewolf	pages/Werewolf.html	Lycanthrope	Lycanthropus	Lobishome
Western	https://aesthetics.fandom.com/wiki/Western	pages/Western.html	Cowboy	Cowgirl	Wild West	Wild Wild West	Old West	Bang Bang	Spaghetti Western
Whimsicraft	https://aesthetics.fandom.com/wiki/Whimsicraft	pages/Whimsicraft.html
Whimsigothic	https://aesthetics.fandom.com/wiki/Whimsigothic	pages/Whimsigothic.html	Whimsigoth	Whimsical Gothic	Whimsical Mystical Gothic Celestial (formerly)
Whimsy Twee	https://aesthetics.fandom.com/wiki/Whimsy_Twee	pages/Whimsy Twee.html	Whimsical Twee	Applecore
Winter	https://aesthetics.fandom.com/wiki/Winter	pages/Winter.html
Winter Fairy Coquette	https://aesthetics.fandom.com/wiki/Winter_Fairy_Coquette	pages/Winter Fairy Coquette.html	Winter Bimbo	Winter Coquette	Russian Bimbo	Russian Bimbocore	Russian Bimbo Winter	Snow Bunny	Snow Bunni
Witch House	https://aesthetics.fandom.com/wiki/Witch_House	pages/Witch House.html
Witchcore	https://aesthetics.fandom.com/wiki/Witchcore	pages/Witchcore.html	Witches of Instagram	Hexcore	Magicore	Teen Witch	Witch Tok	Witchblr	Wiccacore
Wixa	https://aesthetics.fandom.com/wiki/Wixa	pages/Wixa.html	Polish Neo-Gabber	Wixapol	Jadza	Rurka	Belka	Manieczki	Rejwy
Wizardcore	https://aesthetics.fandom.com/wiki/Wizardcore	pages/Wizardcore.html
Wonderland	https://aesthetics.fandom.com/wiki/Wonderland	pages/Wonderland.html	Wonderwave
Wuxia	https://aesthetics.fandom.com/wiki/Wuxia	pages/Wuxia.html	Chinese Warriors
XO	https://aesthetics.fandom.com/wiki/XO	pages/XO.html
Xpiritualism	https://aesthetics.fandom.com/wiki/Xpiritualism	pages/Xpiritualism.html	Yabujincore (TikTok)	Schizocore (James Howard)
Yé-yé	https://aesthetics.fandom.com/wiki/Y%C3%A9-y%C3%A9	pages/Yé-yé.html	Yéyé (alternate spelling)	Yeyé (Spanish spelling)	Ie-ié (Catalan spelling)
Yōkai	https://aesthetics.fandom.com/wiki/Y%C5%8Dkai	pages/Yōkai.html	Yokai	Youkai	Yokaicore
Y2K	https://aesthetics.fandom.com/wiki/Y2K	pages/Y2K.html
Y2K Futurism	https://aesthetics.fandom.com/wiki/Y2K_Futurism	pages/Y2K Futurism.html	Cybercore	Cyber Y2K	Kaybug	Y2K Aesthetic (before semantics shift)
Yabi	https://aesthetics.fandom.com/wiki/Yabi	pages/Yabi.html
Yakuza	https://aesthetics.fandom.com/wiki/Yakuza	pages/Yakuza.html	Gokudō	Japanese Mafia	Ninkyō Dantai	Bōryokudan
Yami Kawaii	https://aesthetics.fandom.com/wiki/Yami_Kawaii	pages/Yami Kawaii.html	Menhera	Yamikawaii	Yamikawa	Itami-Kawaii
Yandere	https://aesthetics.fandom.com/wiki/Yandere	pages/Yandere.html	Yanderecore
Yanki	https://aesthetics.fandom.com/wiki/Yanki	pages/Yanki.html	Yankii	Japanese Rockabilly
Young Poland	https://aesthetics.fandom.com/wiki/Young_Poland	pages/Young Poland.html	Młoda Polska	Polish Neo-Romanticism	Polish Modernism
Yugo-Nostalgia	https://aesthetics.fandom.com/wiki/Yugo-Nostalgia	pages/Yugo-Nostalgia.html	Jugonostalgija
Yume Kawaii	https://aesthetics.fandom.com/wiki/Yume_Kawaii	pages/Yume Kawaii.html	Yumekawaii	Yumekawa
Yuppie	https://aesthetics.fandom.com/wiki/Yuppie	pages/Yuppie.html	Young Urban Professional	Young Upwardly Mobile Professional
Zakopane Style	https://aesthetics.fandom.com/wiki/Zakopane_Style	pages/Zakopane Style.html	Witkiewicz Style
Zazou	https://aesthetics.fandom.com/wiki/Zazou	pages/Zazou.html
Zenitism	https://aesthetics.fandom.com/wiki/Zenitism	pages/Zenitism.html
Zombie Apocalypse	https://aesthetics.fandom.com/wiki/Zombie_Apocalypse	pages/Zombie Apocalypse.html	Zombiecore
